barcode,annotation
ATTATACTTTGCTCGT-1,Stroma
TCTTTAAGACTATGAA-1,suspected tumor
GTCATTAGAGCGAACG-1,suspected tumor
ATTTACTAAGTCCATT-1,adipocyte
CTGGCGACATAAGTCC-1,Stroma
TAGGTGCTCGCCTAGC-1,Stroma
GTCGGATATCTCAGAC-1,adipocyte
TCCGATAATTGCCATA-1,Stroma
TGCGCAAAGCATTTGG-1,adipocyte
ACATAATAAGGCGGTG-1,Stroma
CTCTGGACGCCTGGTG-1,
TTAGAGTTTAGAAGGA-1,Stroma
TCGTCCGCTGGCGTCT-1,Stroma
TTATCTGTATCATAAC-1,Stroma
CGCGCATGTTTGATTG-1,Stroma
ATAGTGAAGCGTTCTC-1,suspected tumor
CGAAACGCAATTCATG-1,adipocyte
GATCATTCCAAACATT-1,adipocyte
ACCTGCGTGTCATGTT-1,adipocyte
GCTACAGTACGGACCG-1,Stroma
ATGACGCGTTCTATCC-1,
TAGCTAAGTCCGGGAG-1,adipocyte
AGATAACTTCAGGGCC-1,adipocyte
GAATCTGAACATTCTC-1,suspected tumor
GTAGCCAAACATGGGA-1,Stroma
GAGTCAGACCAGAATC-1,adipocyte
CATAGCGTTGCCCACC-1,
CACCCTTGGTGAGACC-1,adipocyte
TAGAAAGGTGGCGCTA-1,
TTATGATCTTAACGAA-1,suspected tumor
TAGCGTCGAATATTGA-1,adipocyte
AGACCAAACCACACCT-1,adipocyte
TTCGGGACTAATCGCG-1,Stroma
AAGTTCGGCCAACAGG-1,adipocyte
GGTAGTGCTCGCACCA-1,suspected tumor
TGGAAGGATAAAGATG-1,Stroma
ACCAACGCTTATTTAT-1,Stroma
ACCACGTGCAGCTATA-1,Stroma
TGCGAATATGGGATTT-1,adipocyte
ATAGAGTACTGGGACA-1,Stroma
ATACTAGCATGACCCT-1,Stroma
TGGCAGATTACGATCA-1,suspected tumor
GTCGGATGTAGCGCGC-1,Stroma
AGACGACGATGCCGCT-1,adipocyte
ACAATGAATACGGAGA-1,Stroma
GTCCTACTCTACGGGC-1,Stroma
GGGTATTCTAGCAAAC-1,Stroma
AGTCAACACCACCATC-1,suspected tumor
ACAATCCATTTAAACC-1,adipocyte
TGTGTTCGTATCCAAG-1,adipocyte
CAGCTGGCGTAACCGT-1,adipocyte
GAGACTGATGGGTAGA-1,Stroma
CGACTTTGTATAGCCT-1,Stroma
CAGCTCACTGAGACAT-1,suspected tumor
CAGGCGCACGGTGGTC-1,Stroma
TCACAGGGAATCGCAA-1,Stroma
GTTAGGCTACCCGTTT-1,Stroma
AGGCCCTAGAACGCCA-1,adipocyte
AGTGGCTCCGTCGGCC-1,Stroma
ATATACATGTATGGTA-1,Stroma
CCTACATTCACAGACG-1,adipocyte
AAAGGGATGTAGCAAG-1,Stroma
TTGTAATCCGTACTCG-1,adipocyte
ACTTGTAGTCCCTTCA-1,adipocyte
AGCATCGTCGATAATT-1,Stroma
GCTTTCAGAGGAGGTG-1,suspected tumor
TACCGGTCGTTTCCAT-1,adipocyte
CACCGTTGCGCGATAT-1,adipocyte
CATTACGTCGGCCCGT-1,Stroma
TTGCGGCATCAGAAAG-1,Stroma
CATATGTCAGGCTACG-1,adipocyte
TGAACTGCTATGACTT-1,Stroma
AGTGAGCCTCGCCGCC-1,adipocyte
GCAGACCCAGCACGTA-1,Stroma
GCTCGCTCATGTCCAA-1,Stroma
ACAGAACTGAGAACAA-1,Stroma
TGAATTTCACTTGCCT-1,Stroma
CTTTGGCGCTTTATAC-1,adipocyte
AAGATTGGCGGAACGT-1,Stroma
GCATGGGTACTGACGC-1,Stroma
CATGGTAAGTAGCGTT-1,Stroma
CATACTATGTAATTGT-1,
ACAAAGAAGGTAGGCC-1,Stroma
TATTCCACTCAGCTCG-1,Stroma
CACGCAGCGAGGCTTT-1,adipocyte
TAGGTGAGCCCTACTC-1,adipocyte
ATAGACGAAGAGAAAG-1,adipocyte
GCATTGACTTGCGGAA-1,Stroma
ATGGCAGCCGAGAAAC-1,adipocyte
AGTACGGCCCGTATCG-1,adipocyte
GGATGAAGATCGCTGA-1,Stroma
GTCGTACCTACGATTG-1,Stroma
TTAATCAGTACGTCAG-1,Stroma
GTCTCGACTAAGTTTG-1,Stroma
GAAATATCACCATCAG-1,adipocyte
GTCTACTCAATTACAA-1,Stroma
AATGTGCCCGAGGTGT-1,Stroma
AAACTGCTGGCTCCAA-1,Stroma
TTGGACATGTGGCTTA-1,adipocyte
TCTTGGTAACACCAAA-1,Stroma
GGTACATCTGGGACGA-1,Stroma
GGATGACGCGAGTTTA-1,Stroma
CGATCCGACCCAGTGC-1,adipocyte
GCCGGGTTAGGGTCGC-1,Stroma
AGACCGGGAAACCCTG-1,Stroma
ACGATCATCTTGTAAA-1,Stroma
TGCCATTACTAAAGAA-1,Stroma
ATAAGTTACCGCGACG-1,suspected tumor
CTAACTGGTCCGGTTC-1,adipocyte
GTCCGGCTGAATTGCG-1,Stroma
GATGTAACGAACCACC-1,Stroma
CTTATGCGCTCAGGGC-1,adipocyte
GACTACAAAGCGGTGG-1,adipocyte
TACGAGAACTTCACGT-1,adipocyte
TGGCTCTTGTCGCGTA-1,
TTACTATCGGCTTCTC-1,adipocyte
GTCGGGAACATGGTAG-1,Stroma
CGCAAACACGAGTTAC-1,adipocyte
TGTTATTGTATGTGGC-1,Stroma
TCTCTAATAGCTGGTA-1,Stroma
CTCTCACAATCGATGA-1,adipocyte
GCAGGAACTTAGATCT-1,Stroma
CCTCACCTTAGCATCG-1,Stroma
GGAGCACCAAGAACTA-1,Stroma
GAAATTGTCTCTATAA-1,suspected tumor
CTGTACTTCTTAGCAT-1,Stroma
TGATCGGTTTGACCCT-1,Stroma
GTAATAAAGGGCTCCC-1,adipocyte
TTCTTTGGTCGCGACG-1,
TAACTCATCCGCGCGG-1,suspected tumor
TCTCCAACGTAGGTTA-1,Stroma
ACATTAGTTTATATCC-1,Stroma
GTTCGCCATAAGTGCC-1,Stroma
ATGATGCAATGGTACA-1,suspected tumor
TTAGTAGGGCGGCGGG-1,adipocyte
AATAGAACAGAGTGGC-1,Stroma
GATACGATGGGAGTCA-1,Stroma
CCAACGATGCACTGAT-1,adipocyte
AGCGACCAACGATATT-1,Stroma
CTAATTCGCACGCGCT-1,adipocyte
GCATACGAGGTCTTTA-1,Stroma
ACCAGACCATAACAAC-1,Stroma
CCATACCTTTACTTGT-1,adipocyte
CTAGTTACAACCCGGT-1,
ATACTTGTTCTCGAGC-1,adipocyte
GATCTTGGAGGGCATA-1,suspected tumor
TCGTATTACCCATTGC-1,Stroma
GGGCGTACATTTATAT-1,Stroma
GTATCTTTCATAACCA-1,Stroma
CTGTGCAGGGTAGGTC-1,suspected tumor
AGATCTCAGGTGTGAT-1,Stroma
TTATTAGAGCGTGTTC-1,Stroma
GCCTATAGTGTCAGGG-1,adipocyte
TTGTACACCTCGAACA-1,Stroma
TATGTCTCATTGTGCC-1,adipocyte
GGAACCGTGTAAATTG-1,Stroma
GGCTATTAAGTTGTAT-1,adipocyte
AACACGAGACGCGGCC-1,adipocyte
TACGCCGAGGGTACCC-1,adipocyte
ACGATGCATATGTTAT-1,
TGGCGATCAAGTTATG-1,Stroma
ACTCCCATTCCTAAAG-1,adipocyte
GACCGTTACATGCGAC-1,Stroma
GATATTGAGATTGGCG-1,suspected tumor
GCTAATACCGAATGCC-1,Stroma
GCTCGGAATTTAAAGC-1,Stroma
AATAACAACGCTCGGC-1,adipocyte
GTTGGATTTGCGTTGG-1,adipocyte
GATAGGTAACGTTGAC-1,Stroma
CGCTCGACATAATGAT-1,Stroma
TCAAAGAGCTATCTGT-1,Stroma
CGGTGCAGATAGAACG-1,adipocyte
TCAACGCGACCGGCAG-1,Stroma
GTGGTATAGTCTGCCG-1,
GTCGTACCATCTCGGG-1,suspected tumor
ACGGCACTTGCTTGGG-1,Stroma
TTGATTATGCAGATGA-1,adipocyte
TTAGCTAATACGATCT-1,Stroma
TACTGGACAGCTCGGC-1,adipocyte
GTCCGAGAGCAATCAT-1,adipocyte
GGGTATGTATGCACTT-1,adipocyte
GTTATATTATCTCCCT-1,Stroma
TCGGCGTACTGCACAA-1,adipocyte
TGCGGAGTAAAGGTGC-1,Stroma
TCGAGACCAACACCGT-1,
AGTTAAGTCAACCGCT-1,Stroma
CCCGTAAGTCTAGGCC-1,adipocyte
TAAACCCAGGAGGGCA-1,adipocyte
TGCGAGAATATTACCC-1,adipocyte
GTTACCTACAACTTGC-1,Stroma
GTCAAGCGGACTCGGG-1,suspected tumor
GCCAGGAGTAACCGAT-1,Stroma
AGTGACCTACTTTACG-1,suspected tumor
AACATATCAACTGGTG-1,Stroma
TCCTTTCTTACGCTTA-1,adipocyte
CCTTCTTGATCCAGTG-1,Stroma
GGTACCATTAAGACGG-1,adipocyte
CATAGCCGCCCGGGAT-1,adipocyte
CTTTGACGTCGCTTCT-1,Stroma
TGTGGCAAAGCGTATG-1,adipocyte
GGTCGTAAGCTCGCAC-1,
CTTTAATATTGGTCGA-1,Stroma
TCATTTAAGTCTCCGA-1,Stroma
GAAGTCTCCCTAGCGA-1,Stroma
CGTTATCATACTTCCA-1,Stroma
CGAGTTTATCGGACTG-1,Stroma
GTTTGGGCTTGTGAGC-1,Stroma
AAGGTATCCTAATATA-1,Stroma
TCGTCAAGTACGCGCA-1,adipocyte
TTGTCGTTCAGTTACC-1,Stroma
AGTGCGTAGCTCGTAA-1,Stroma
GCCATTAGCCTCAAAC-1,Stroma
ATCCTGCGTGGAATGG-1,Stroma
GGAGACGACACCTTTG-1,suspected tumor
GACTCCCAGAATAAGG-1,Stroma
TTGGAAGAATACAGTC-1,adipocyte
TTAATTTCAGACGCGG-1,Stroma
AATCGCCTCAGCGCCA-1,suspected tumor
TTGTAAGGACCTAAGT-1,adipocyte
ATGCCGGTCTTGCATA-1,adipocyte
TACTCGGCACGCCGGG-1,adipocyte
CTGGGATAAATAATGG-1,Stroma
TGCAGTTTCCTCCCAT-1,Stroma
TGTGCTTTACGTAAGA-1,adipocyte
TCGGGAACGTGCCTAG-1,adipocyte
CCAAGAAAGTGGGCGA-1,Stroma
GTAAGTAACAGTCTGG-1,suspected tumor
GAGAGGTGCATTCTGG-1,adipocyte
GTGGGAAGACTGAATC-1,adipocyte
ATTGAAGATCTTAGTG-1,Stroma
GGTATTGCCGAGTTTA-1,suspected tumor
GTGGGCTTAGACACAC-1,adipocyte
CGCGCAAATGTCCAGA-1,Stroma
ACGTTAATGTCGAAGA-1,suspected tumor
TCGGAGTACATGAGTA-1,
GTGCACGAAAGTGACT-1,Stroma
CAGACCTGTAAGTGTT-1,adipocyte
TGCTGGTTGGACAATT-1,
AATGACAGCAATGTCT-1,adipocyte
TGGCAACTCGCGCGCC-1,Stroma
CAGGATATATCGTTGT-1,suspected tumor
GCTATGCCAGCTTATG-1,Stroma
CCTATCTATATCGGAA-1,Stroma
CGCCGACTATTCGCTA-1,adipocyte
GTTTGACCAAATCCTA-1,adipocyte
GTAGCTTCCTCTTGTT-1,Stroma
CCATGGCCCTTGTACC-1,adipocyte
TAAGGGCTGGGAGAGG-1,adipocyte
ACGAGGATACCACTCT-1,Stroma
CCGACGGGCATGAGGT-1,Stroma
ACTCGTAACCCGTCCT-1,adipocyte
AACTTTACGGGAGCTT-1,adipocyte
TACAACGCACAACTCA-1,suspected tumor
ATTGCTGCTCCTCCAT-1,adipocyte
GTGCGGGTCTCCAAAT-1,Stroma
GTCTATCTGAGTTTCT-1,Stroma
TCGGGATTCAAACATA-1,Stroma
ACAGTAATACAACTTG-1,adipocyte
GGTTAGTTACGGCGCC-1,adipocyte
TGGAAGAAGGGAACGT-1,adipocyte
CCAAGCGTAACTCGTA-1,suspected tumor
GAGGCCCGACTCCGCA-1,Stroma
CATCTTACACCACCTC-1,Stroma
AACCCTACTGTCAATA-1,Stroma
GAACCTCGACCTACAC-1,Stroma
TACATAGGCATACACC-1,Stroma
GGTGCTGATCACAAAG-1,adipocyte
GTCGTTATTCGCTTAT-1,Stroma
GTTTGTTAGCCAAGTA-1,Stroma
CTGGGCCTGCTATATC-1,adipocyte
GCTCCTGACATACTGG-1,adipocyte
GAAGTTTCCACTCAAT-1,Stroma
CCCTGAAATGAGTTGA-1,adipocyte
TGATACATTTAGCCGT-1,adipocyte
TCCACAATGGTTTACG-1,adipocyte
ACTTGGGACCCGGTGG-1,Stroma
TAGGTTCGAGTTCGTC-1,Stroma
CACCAATCATCCGTCT-1,Stroma
ATAGAGTTATCAACTT-1,Stroma
AAGAGGCATGGATCGC-1,Stroma
GCTGCTACTGCGTAGC-1,Stroma
CCGCTATCAGCACCAG-1,suspected tumor
ACCGATGGTAGCATCG-1,Stroma
CGAACCCGCATGCGTC-1,Stroma
CCGTGGAACGATCCAA-1,
ATCACTTCATCCTCGC-1,Stroma
CTCCCTCCTTTCGATC-1,Stroma
GCCTAGCGATCTGACC-1,
GAGGGCGCAGCTCTGC-1,Stroma
CTGGGTAGGCAGTTAA-1,Stroma
ATGTGGACATCTTGAT-1,Stroma
TATTCAATTCTAATCC-1,suspected tumor
ATCAATCTGGGCTGCA-1,suspected tumor
AGCCGCAAATTCAAAT-1,Stroma
TCCCGTCAGTCCCGCA-1,Stroma
GTTAATGTCTATCTTA-1,adipocyte
AATCTGGCTTTCTAGT-1,
GTATGTGGGTCTAGTT-1,Stroma
GTATGAAATTTCACTC-1,Stroma
CTAGCCGATGTTATGA-1,Stroma
CGGTACGGCAAACCCA-1,Stroma
TAAAGCGTTAGGAGAA-1,adipocyte
CCTCTGTACTATTCTA-1,Stroma
GTGAAACGGCGCCACC-1,Stroma
AATCTAGGTTTACTTG-1,Stroma
CTCACCAGTACAAGTG-1,adipocyte
AGTCGGCTCAACTTTA-1,adipocyte
TTGAGAGTACTGCTAA-1,adipocyte
TCCCACTCTCTTCCGG-1,adipocyte
ACGATCATACATAGAG-1,Stroma
ACGGCGACGATGGGAA-1,Stroma
TTACAGACCTAAATGA-1,Stroma
CACAATGAGCTGCTAT-1,suspected tumor
ATCGGTTACCTAGTAA-1,adipocyte
TGCCAGTACGTGGAGA-1,Stroma
TACGACTGCCTCTTAG-1,suspected tumor
GGCACTCCACTGGGCA-1,adipocyte
ACACCTTAAGTAGGGC-1,Stroma
GCGCTAATTGAATAGA-1,suspected tumor
TCGAAATTTAGGACCA-1,adipocyte
GATCGTGACTGATATC-1,Stroma
GATATGCGGTAGCCAA-1,Stroma
CCATACTCGCCTCTCC-1,adipocyte
ATGCCGGTTGATGGGA-1,Stroma
AATATTGGAGTATTGA-1,
ATTACGCGCTGGCAGG-1,adipocyte
CTACTATCTTTCAGAG-1,adipocyte
GGGAGAACTCACAGTA-1,adipocyte
AACTTGCCCGTATGCA-1,adipocyte
AAGTGACGACCGAATT-1,adipocyte
TCCAGGCGAGTACGGT-1,adipocyte
CGACGCATCCGTACCT-1,adipocyte
AGGGAGACATACTTCG-1,adipocyte
GTTTGGCCCAAGTTAT-1,
GGCATACAGGTAGCGG-1,adipocyte
GTGCGAAATCGAACAC-1,adipocyte
CTTAGCCTTCCACATG-1,Stroma
TGCAAGAATGACGTAA-1,adipocyte
CAGATGTTTGTCCCAA-1,Stroma
CCAGCTTCCGCCCGCA-1,adipocyte
CTCAGATTGTGATAAG-1,Stroma
GGGAGTTAATGAGGCG-1,suspected tumor
CAAAGATTATTGGGCC-1,
GGCGTCCTATCCGCTG-1,adipocyte
AACGCGGTCTCCAGCC-1,Stroma
TTCCAATCTGGCTATC-1,Stroma
CCTATGGGTTACCGTC-1,Stroma
TTGGGCGGCGGTTGCC-1,adipocyte
CGGTCTATCAACCCGT-1,Stroma
ACATCGTATGCAATGG-1,Stroma
GCGTTATATTTGGAAC-1,adipocyte
TTCCTCTGCCCGAATA-1,adipocyte
TTGCGTCGGCCAACCG-1,adipocyte
AGCTGAAGTAAACCAA-1,Stroma
GATCGACACTATCTGA-1,Stroma
CCGCGATTTGGTAGGT-1,Stroma
TCTTGATGCGTAGCGA-1,adipocyte
TGAGACGTACCTCTCA-1,Stroma
ATAATAGCTGTTGAAT-1,Stroma
TATCTACAGAGGTAAT-1,adipocyte
TCCCTTAGATTACTCG-1,Stroma
GACAGCCAGACCTGAC-1,Stroma
AAGTGCGTTAGAATCT-1,adipocyte
GGTTAGGCTTGGAGAA-1,adipocyte
ACCTAAGTACCTTTCA-1,adipocyte
GCCGATTGGCCAAGCT-1,Stroma
TTAAACTCGAATTCAT-1,adipocyte
CCTACTGCTTACACTT-1,Stroma
CCCAGTTAAGGCGCCG-1,Stroma
TCGCACCAGGAGGCAG-1,Stroma
CTATGTCACTAGCCCA-1,adipocyte
GAAACCGAATTACCTT-1,suspected tumor
GATATGGATTACGCGG-1,adipocyte
ACTGTCTTCTTTAGAA-1,adipocyte
GTTTGGTAGGGTCAAC-1,Stroma
AACCGAGCTTGGTCAT-1,Stroma
TTGACCATGTTCTCCG-1,Stroma
GCATGAGGGACGCGGC-1,adipocyte
GTCTGGGCGGTCGAGA-1,Stroma
TGATCAGGGAACTGCT-1,adipocyte
GGGCCGGCCGAAGTAC-1,Stroma
CCGGCACGACCGTTTC-1,Stroma
CTAGTTGGGCCCGGTA-1,Stroma
AGCTGTAACCTCAATC-1,Stroma
TCGTTAGGAGTCCCTA-1,Stroma
AGTGGTGTTACCCGTG-1,Stroma
GAAGCTTGCTGACCGC-1,adipocyte
GTGTGAATAACTTAGG-1,Stroma
CATTGCGAAATGGGCG-1,Stroma
ATAAGGTGGAGAACAT-1,Stroma
AGATTCACAACCGATA-1,Stroma
TAGGCGATGAGGTCTC-1,Stroma
GGGCCCTTATCTATAC-1,adipocyte
CTCACTTGGCTGGTAA-1,adipocyte
CGAGACCCTAGAGTGT-1,suspected tumor
CCAGAAAGCAACTCAT-1,adipocyte
ACGAAATGGGCGGCAC-1,adipocyte
TCACCGCTCGGCACTC-1,adipocyte
GCTGGCATATTCACCT-1,adipocyte
GAATTCACCCGGGTGT-1,
CAATGGATCTCTACCA-1,adipocyte
CACCTCGATGGTGGAC-1,Stroma
ACGTGACAAAGTAAGT-1,Stroma
ACCATCGTATATGGTA-1,
ACAAGGAAATCCGCCC-1,Stroma
AGAATTATGGATTCGA-1,Stroma
TTCCAATCAGAGCTAG-1,Stroma
GTGACTTCAGTAGTGC-1,Stroma
TTCGGGCGCTAGTCTT-1,adipocyte
ATACGCCGGCGAAACC-1,suspected tumor
TTACAACTACGCATCC-1,Stroma
TCCGCTTATCCCATTA-1,Stroma
GTTACTTTGGGCCTAG-1,suspected tumor
CGCTCTCCGTAGATTA-1,adipocyte
CGCGTTCATGAAATAC-1,Stroma
GATCCCTTTATACTGC-1,Stroma
AGTTAAACACTTGCGA-1,Stroma
AGAAGTGATTCGTGAT-1,adipocyte
ACATCAGCTGGGACGC-1,adipocyte
CGTTGTTTCAATTCCC-1,adipocyte
TCCTACATCCACGGCC-1,Stroma
AGGTAGGTACAAAGCT-1,adipocyte
TATATCCCTGGGAGGA-1,Stroma
GTGCTGCAGATAAGGA-1,Stroma
TGGTCTGTTGGGCGTA-1,
TGGTCGTGCAAGGCAA-1,Stroma
CAGTAGCCCACGCGGT-1,Stroma
GATAACTCGCACTGTG-1,Stroma
GTCGCGTAACCCGTTG-1,suspected tumor
GCAGCACACAGCCCAG-1,Stroma
TTAGAGGGATATACAG-1,Stroma
TACGACGCTTGCTGCG-1,suspected tumor
TATGAAGACAGGTGCG-1,adipocyte
TCACAGGAGAATAAGA-1,adipocyte
CCATGCCTGTTTAGTA-1,adipocyte
TCAAACAACCGCGTCG-1,Stroma
TCCTCGGGCTGGGCTT-1,suspected tumor
ACTACCAGCTCTCTGG-1,Stroma
CCTAGGCGTAGCGATC-1,
CCTCTAATCTGCCAAG-1,Stroma
ATCAAACGAAGGTTTG-1,adipocyte
TCGGACGCCCAGCCCA-1,Stroma
GTTATATCAGGAGCCA-1,
AAGACTGCAAGCTACT-1,Stroma
TTCTTGTAACCTAATG-1,
GGATGCTGGCGTTCCT-1,Stroma
TTCCACACAGATTTGA-1,Stroma
ATTATGCCATAGGGAG-1,Stroma
CAGCTTAGTAGGTAGC-1,adipocyte
AGCTCTAGACGTTCCA-1,
CTTCATTGTCAGTGGA-1,Stroma
GACTCACCCACGTGAG-1,Stroma
GATCCTCGACACTGGC-1,adipocyte
TGCCCGTACCGTTAAA-1,Stroma
CCCAATTTCACAACTT-1,adipocyte
GAGATCTTCCATGACA-1,Stroma
CTAGATTTACGACGGC-1,suspected tumor
CGTTTGTGTAGAGGGT-1,adipocyte
GTCCCAACGTAAAGTA-1,suspected tumor
ATATCAACCTACAGAG-1,Stroma
CTGGCGCACAGGTCTG-1,Stroma
TACTTGTTAGTAGTCC-1,Stroma
GCTCTCGGGTACCGAA-1,Stroma
CTGGTAACACATAGAA-1,Stroma
GTTCATCGTTTGGCTG-1,Stroma
GAGTAAGGCCACGGGA-1,adipocyte
TGTTCTTCCATTGACT-1,adipocyte
TCTGGGAACCTTTGAA-1,Stroma
TACAAGTCTCGTGCAT-1,adipocyte
AGCAACCGAAAGTAAT-1,Stroma
GATCGGATAGAACCAT-1,Stroma
CCGCCGGAACTTCTCG-1,Stroma
GAAGCGTGAGGAATTT-1,
AGCAACATATCTTATT-1,Stroma
TGACTATAATCCTTTC-1,Stroma
TTCAACGACCCGACCG-1,Stroma
TTATATACGCTGTCAC-1,Stroma
TGAGAGATTTACCACG-1,Stroma
AGAATAAATCTTCAGG-1,Stroma
GCTAGTAGAGCTTGTA-1,suspected tumor
TTACTGGGATATTTCA-1,suspected tumor
TCCGTTTAGCCTTGAA-1,adipocyte
CTTCGTAGATAGGTGA-1,Stroma
GGCAGAGAGATCGGGA-1,adipocyte
GGGCGTCACCACGTAA-1,Stroma
TTCCGGCCTTGAGGCT-1,Stroma
GCCCGACTTCTTCCCG-1,adipocyte
GTGAAGTCACGACTCG-1,Stroma
CTGGGTTGAGTTAAAG-1,Stroma
GTACACTTACCTGAAG-1,Stroma
GCGGACCGCGTTGTGG-1,adipocyte
GAGATCTGTCACTCCG-1,adipocyte
GATCCTAAATCGGGAC-1,Stroma
TCACCCTCTTAAGATT-1,
CTCATTTGATGGGCGG-1,Stroma
GCTGCTCTCCGGACAC-1,adipocyte
ATGGAGCAGGCCGTGA-1,suspected tumor
CCCGTCAGCGTCTGAC-1,Stroma
CCGCCTTGCGATGTCG-1,Stroma
GAAGTCAGTTGCACTA-1,Stroma
TAAGGCAACATAAGAT-1,Stroma
TCCAACTTTAAATTCT-1,
GACCGTGCTGACGGTG-1,Stroma
AAGGCGCGTAAAGCTT-1,Stroma
CAGCTCGACAAGTTAA-1,adipocyte
CCAGCTGATGGTACTT-1,Stroma
TATTTGTTACCCTTTA-1,Stroma
TACCTTAAGATTTCCC-1,adipocyte
CATAGTCCACAAGAAC-1,adipocyte
CGCTACGGGACATTTA-1,Stroma
CTGACTGCGCAGCTCG-1,adipocyte
CCTCAACGATCGCTGT-1,Stroma
TCTGGGTAGCGCTCAT-1,adipocyte
TACATCCCTATCCCTG-1,adipocyte
AGCGCGGGTGCCAATG-1,Stroma
GGCATATCGGTTCTGC-1,Stroma
ATCCAATGGTACCGAA-1,
TCTAGCATGCCCAGAA-1,Stroma
AATCTCTACTGTGGTT-1,Stroma
ATAGGCTAGCTTCGCA-1,Stroma
TTGTTAGCAAATTCGA-1,Stroma
ATAACGGAGTCCAACG-1,Stroma
TACATTTCTAACGTGC-1,Stroma
AAAGTTGACTCCCGTA-1,Stroma
GCGATTGTTAACGTTA-1,Stroma
AGGTGTATCGCCATGA-1,Stroma
ACGCGGGCCAAGGACA-1,suspected tumor
TCCTCTACGAGATGGC-1,adipocyte
TCAAGAAATACTAGCT-1,Stroma
CATAAGCTCTCCGTCT-1,Stroma
CCCTGGCTGTTCCTTC-1,Stroma
GCCAACCATTTCCGGA-1,Stroma
ACAAATGGTAGTGTTT-1,Stroma
GCGTGGTACTGGGTTA-1,
TATGCTCCCTACTTAC-1,Stroma
TATCGATCTATGCATA-1,Stroma
TGACGAATATTTCCCT-1,adipocyte
TCACGTGCCCGATTCA-1,suspected tumor
TGATCTCCGGCGCCAG-1,Stroma
ATATTTAACCCTCAAG-1,
CCTCACCTGAGGGAGC-1,Stroma
CTATGTGAGTCACGGC-1,adipocyte
TTGCACGGAGCAGCAC-1,Stroma
GTGCCCGTTCGGATTC-1,Stroma
TGCGTAAGAACCTGAT-1,adipocyte
GATTACTGAATTTGGG-1,adipocyte
GCGCATCCAGTCAGCA-1,adipocyte
TGGAGTGATGCGATGA-1,adipocyte
AGACCCACCGCTGATC-1,Stroma
TATGGGTACGTATCGT-1,suspected tumor
CGCTTATTCCCGGTCG-1,adipocyte
CGCCACAGGTCGCGAT-1,Stroma
TAGACTACCTAGCGTT-1,Stroma
CCCAACATACGTCGCG-1,adipocyte
ATCCAATGGAGGGTCC-1,adipocyte
CTTTAGGAACACTGTT-1,Stroma
TCGCAAAGATGCATTT-1,Stroma
CTACGCACGGAGTACC-1,Stroma
TAGATTCCTGGTTATT-1,adipocyte
TAACATACAATGTGGG-1,Stroma
CCCTGACTAACAAATT-1,Stroma
GTGATTCGCCGCTCAA-1,adipocyte
TAGGCATGTTACGCCA-1,Stroma
GTAGGTGATCCGTGTA-1,Stroma
GGAGACCATCTACATA-1,adipocyte
ACACAAAGACGGGTGG-1,Stroma
CAGTCGAGGATGCAAT-1,Stroma
CGGGTGTACCCATTTA-1,Stroma
AGATACCGGTGTTCAC-1,adipocyte
GGAAAGTGCCCATGCC-1,Stroma
TAGGTCGCCGGAACTG-1,
CCTAACTAAGGCTCTA-1,Stroma
ATGTAAGGCTGCTCTT-1,adipocyte
TTACCATTGATTACCC-1,adipocyte
CGGGAATTTATGTAAA-1,suspected tumor
CTGGATTTACACTTGA-1,Stroma
CTGGACGCAGTCCGGC-1,adipocyte
CACGCACAGCGCAGCT-1,Stroma
GCGAGCGCATGCTCCC-1,Stroma
GAGACTTCGCGACCGA-1,Stroma
CTCGCACCTATATAGT-1,Stroma
CATGCGACCAGTTTAA-1,Stroma
TCTGAATTCCGTACAA-1,suspected tumor
CAGGCCGTTTGGGTGT-1,Stroma
CTTGTCAACATTCGAG-1,Stroma
AAATTGATAGTCCTTT-1,adipocyte
CGTCGGGTCTAAGCGC-1,Stroma
GGCAAGGCGAAATAGC-1,Stroma
GGGATGGTCGTAACCG-1,
TGTTGTCAAGAAGTCT-1,Stroma
GCGCCGTTCCACGATA-1,Stroma
ACTTTGACTGCATCCT-1,Stroma
TTCTTGAGCCGCGCTA-1,
GCGAAGCCATACCCGT-1,adipocyte
CGTTTCGCTCATTACA-1,adipocyte
GGGCTACTATTTCGTG-1,Stroma
GCAAATGAGGACACTT-1,Stroma
TTGGTATGGCTTGTGT-1,adipocyte
TTGACATGAACGTGGA-1,adipocyte
ACGCAATCACTACAGC-1,Stroma
GGGTCGTGGCAAGTGT-1,Stroma
GGGCCCTACGAAAGGG-1,Stroma
GGGCTGCCTAGGGCGA-1,suspected tumor
TAATAGTGACGACCAG-1,Stroma
TTGATTAGCTGTTTCT-1,adipocyte
GCGACATGTAAACATC-1,Stroma
CTCATGGTAATTTGCG-1,adipocyte
TTGATGTGTAGTCCCG-1,Stroma
CATGCCAACTCGCAAA-1,adipocyte
TAGCTGATGTGAAGCG-1,adipocyte
TCCTCTCCAGTTGTCC-1,adipocyte
TACCGGCTCACTGCCC-1,Stroma
GCTTATGAAGCAGGAA-1,Stroma
TTGTTTCCATACAACT-1,adipocyte
CAGGCGCCATGCTAGG-1,Stroma
CGGCAAACATCGTGCG-1,Stroma
TTCAAAGTCTCTAGCC-1,
CCACGGAGCCATAAGA-1,adipocyte
GGTTACCACCCTCGGG-1,adipocyte
GACTAAGTAGGCTCAC-1,Stroma
GACACAAGGGAAGAAA-1,adipocyte
TCGCCCACTGCGAGAG-1,adipocyte
GTGATCATAGATCTGC-1,suspected tumor
CGCATTAGCTAATAGG-1,Stroma
CTGTAGCCATCTCACT-1,adipocyte
CCGTAAGTTGGTCCCA-1,suspected tumor
AAGAGATGAATCGGTA-1,adipocyte
TCTATCGGTCGCAACA-1,Stroma
TACCTGCTGCACTGTG-1,adipocyte
AGAAGAGCGCCGTTCC-1,Stroma
AGCACCAGTACTCACG-1,Stroma
GGCCCTCACCCACTTA-1,Stroma
TCTGTTACCCAGCATA-1,adipocyte
TAGAGATCATGCAACT-1,adipocyte
CCTCGCCAGCAAATTA-1,Stroma
ACTGCTCGGAAGGATG-1,Stroma
CGTATTAAGAGATCTA-1,suspected tumor
TTGTGAGGCATGACGC-1,adipocyte
CCGATTCGAGGGACCC-1,Stroma
AAATGGTCAATGTGCC-1,suspected tumor
CCATCTCACCAGTGAA-1,Stroma
AATTCTAGAGTTAGGC-1,Stroma
CTAAAGGGAAATAGGA-1,suspected tumor
CTGAAAGAGATCCGAC-1,Stroma
CGCCCGCTTCCGTACA-1,Stroma
GTGAGGACACTTAAGG-1,suspected tumor
GGATTTCACTTCTATA-1,Stroma
TGCATGGATCGGATCT-1,Stroma
CGGTAGAGGTGCAGGT-1,Stroma
AAAGTAGCATTGCTCA-1,
TATGTCAAGACCGACT-1,Stroma
TTACTCCGGCCGGGAA-1,
CCATCGCAGTTAAACT-1,Stroma
ACGCGAAGTCAGACGA-1,Stroma
CTGGTAACGAGCTCTT-1,adipocyte
TATCTTGCAATACAAC-1,Stroma
AGAGCAGTTATGAGAC-1,adipocyte
ATGAAGCCAAGGAGCC-1,Stroma
GGCGCATGAATTGATG-1,suspected tumor
CCTTTCAATGAAGAAA-1,Stroma
TATTCGTGCCAGAATA-1,suspected tumor
CTGCCAAGGTTGGAAG-1,Stroma
AGAAGGTTGCCGAATT-1,suspected tumor
CTTTAGTGCTATTATT-1,suspected tumor
CGTTGTAAGATTGATT-1,Stroma
CAAACGGTCGCACTTT-1,adipocyte
CTCAGTCACGACAAAT-1,Stroma
ATACCACGGGCAACTT-1,adipocyte
CCGAACACTGGGCCTC-1,adipocyte
GCAAACCCTACATTAT-1,Stroma
TCGCCGGTCGATCCGT-1,Stroma
AAAGTCGACCCTCAGT-1,Stroma
GGAGGGCTTGGTTGGC-1,Stroma
GAGGCTATCAAAGTCG-1,adipocyte
ATAAGTAGGATTCAGA-1,Stroma
ATACGGAACGTCGTTT-1,Stroma
CTGCCATGCATCACAT-1,Stroma
ATGCACTACCGCATTG-1,Stroma
ACTTATTTATGTGCCA-1,Stroma
TCGTGTCACGCTGACA-1,adipocyte
TGTCCGTGGCGCCTTT-1,adipocyte
AGGGTCGATGCGAACT-1,Stroma
GTATTCTGAGAAACGA-1,adipocyte
GGGTCACCGTGACGGT-1,adipocyte
ATGTGAAAGCCTAATG-1,adipocyte
CCAGTCAAATCTCTTA-1,adipocyte
TACTTTCCGCACGCCA-1,adipocyte
CTATAAGAGCCAATCG-1,Stroma
CCCTGCCCAATCCGCT-1,Stroma
CTGGCTGGTTGTCAGT-1,Stroma
ACTCTCTGACTTAGGT-1,suspected tumor
GAGTGTGCGGTACCCA-1,Stroma
CAGCGCCAACACGATA-1,Stroma
GTGGGTACTGAGCGTA-1,Stroma
ATCTGCACCTCTGCGA-1,adipocyte
TGACCCACGTTAGACA-1,adipocyte
GGTCGGCCAGGAGCTT-1,Stroma
CAGTCGGCCTAGATAT-1,Stroma
TATCGATGATTAAACG-1,Stroma
ACAGGTGGAGGTGAGG-1,adipocyte
GAAAGCAGTGCACTTT-1,
CGCAATTAGGGTAATA-1,adipocyte
TCACGATGTCCGTGGA-1,Stroma
TGAAAGGACCTGACTC-1,Stroma
TAGCCATTTCAAAGTC-1,Stroma
TGTCCTAAGTCACCGC-1,adipocyte
CCTGCTATTTGAGAAG-1,Stroma
CGCCAAGAAGCCGAGT-1,Stroma
GTCTCGATCTGCTTTC-1,Stroma
GACGCCGTAAAGGCTA-1,Stroma
CACCCACGAGGCAATT-1,Stroma
GCCACAATTTAAGGAC-1,adipocyte
AGTCGGCCCAAACGAC-1,Stroma
CCCAAACATGCTGCTC-1,Stroma
ATTTCCGGGTTCTGCG-1,adipocyte
CCGTATCTCGTCGTAG-1,Stroma
TTGGCTCGCATGAGAC-1,Stroma
ATCAGCTCGTCCACTA-1,adipocyte
AGGGTGCTCTCGAGGG-1,suspected tumor
ATTAATACTACGCGGG-1,Stroma
GCGAGAGTTGCGTCCA-1,Stroma
AGGACGACCCATTAGA-1,adipocyte
AGGACGACCCATTAGA-1,suspected tumor
GGTTAGCTATATGTCT-1,Stroma
GAAACAGATGACCACC-1,Stroma
GCTCTATGTTACGTGC-1,Stroma
TCTGCCAGAAACTGCA-1,suspected tumor
TTAGACGAGTCACCTC-1,Stroma
GATCTTTGCAGGGTAT-1,adipocyte
TGATTCTGTCGCCGGT-1,
TATCTAGCCTAAAGGA-1,adipocyte
GGCAAATTACTTTACT-1,suspected tumor
CATACCCGTACCCAGT-1,Stroma
ATCGCACGCCGGGAGA-1,Stroma
GAAACTCGTGCGATGC-1,adipocyte
TCAGCAAATGCATCTC-1,adipocyte
CTAGATGTGAGTGTAA-1,Stroma
ACTGTCCAGGATTATA-1,suspected tumor
ACGGCCAACATGGACT-1,Stroma
GGTTTCAATCGGTCAG-1,suspected tumor
ATAAAGGCTCGGTCGT-1,suspected tumor
TCCCAGGCTTAGCTAA-1,Stroma
TTGTGGTAGGAGGGAT-1,adipocyte
GTGGCGGTCCCAGCGT-1,Stroma
CGCGCCCGACTTAATA-1,Stroma
GAAATGGCGGTGTTAG-1,Stroma
GCAAATATTACGCTTT-1,adipocyte
CGGAGCATGGCGATCC-1,suspected tumor
GCAAGTGCACAGAGAA-1,Stroma
AAGGTGATAAACCAGC-1,Stroma
CCCTTTGACAGGTCTT-1,Stroma
GTCGCCGTTGTGTGTT-1,
AAAGGCTCTCGCGCCG-1,Stroma
CTGTTACCCAATCTAG-1,Stroma
ATGCATGATCCAGGAT-1,Stroma
CCACTATCCGGGTCAC-1,adipocyte
ATCACGTGCTAATTAA-1,adipocyte
GGGTACTTCATGAACT-1,adipocyte
CTAGTCACGTCTTAAG-1,Stroma
TCTAAAGAACAGTCTC-1,Stroma
GCGCAAGAGCGCGCTG-1,Stroma
GTGGCAAACAGCGGCA-1,
TGTGTGACCATGAATC-1,Stroma
TCTATTACTAGAGGAT-1,Stroma
ATATGTCTCCCTAGCC-1,Stroma
CGAGGCTAAATATGGC-1,Stroma
TAGACGCCCGTACCGG-1,Stroma
GTTGAACCGGTTCCAT-1,adipocyte
CGAAGTTGCTCTGTGT-1,adipocyte
AGCGACAGGAACGGTC-1,adipocyte
GGTATGAAAGAACTGA-1,adipocyte
AGATACTCAAGATCGA-1,Stroma
CGAGAGATGTGAACCT-1,Stroma
AACCAAGACTTCTCTG-1,
TCAACTAACGTATAAC-1,adipocyte
GGCGAGCGAAACGGCA-1,adipocyte
TTCGCACTCGCGTGCT-1,Stroma
CCAATAGTGCCGTCGA-1,adipocyte
ACGTATTACTCCGATC-1,Stroma
CAGCCTCCTGCAGAGG-1,Stroma
GTGCGACAGGGAGTGT-1,Stroma
CTCGAGGTCGAACAGT-1,adipocyte
GAATTTCTCGCTGCAG-1,adipocyte
AGCACTTAAGGACGCC-1,adipocyte
ATTCGACGCCGGGCCT-1,adipocyte
GCGGAGAGGGAGAACG-1,Stroma
CAGATCCTGGTTTGAA-1,Stroma
CGCCGCCCATGCCTGT-1,suspected tumor
GCCATCGAGCTGCGTG-1,Stroma
AGGCCACCCGTTATGA-1,adipocyte
TAGCCGGCGGTCAGCG-1,Stroma
AGCACTACCGGCCTGT-1,adipocyte
ACTCCCTAGAATAGTA-1,Stroma
ACTGTAGCACTTTGGA-1,adipocyte
ATATTCAGTTAAACCT-1,adipocyte
ATTCAGTAGCAGGGTC-1,adipocyte
TTGAATATGGACTTTC-1,suspected tumor
GCGCTATGCCGAGGCA-1,suspected tumor
TTAATGTAGACCAGGT-1,adipocyte
CGCGAGTCTGCCGGGT-1,Stroma
AAACGAGACGGTTGAT-1,Stroma
CGGAACGTAAACATAG-1,Stroma
CACGGGATTGAGGGTT-1,adipocyte
ACCTAATCGACTTCCT-1,adipocyte
ACTGAATGGCGAAAGT-1,Stroma
CCAGGGACGTGGCCTC-1,Stroma
TTAACCAACCCTCCCT-1,
TCTTCCCATGGGCACA-1,Stroma
GCCATCGATGCTGCAT-1,adipocyte
TGTATGGCGCAGACAG-1,Stroma
CCATAACCTGTGCAGT-1,Stroma
CACTCGAGCTGAACAA-1,Stroma
TTGCACAATTCAGAAA-1,suspected tumor
AGGGTGGATAGTGCAT-1,adipocyte
GCTTAATGTAACTAAC-1,Stroma
AGAGATCTCTAAAGCG-1,Stroma
TTCTGCCGCGCCTAGA-1,Stroma
ACAAGCAGTGCCTAGC-1,adipocyte
GATCGCGGGCTCTCCA-1,adipocyte
CTTGTACTTGTTGACT-1,Stroma
ACTCCCGAATTCGTTT-1,adipocyte
CGTACCTGATAGGCCT-1,Stroma
GTTGGATTGAGAACAC-1,Stroma
AAGCTCGTGCCAAGTC-1,suspected tumor
TCCGCTGTCATCCCGG-1,Stroma
ATTAGGCGATGCTTTC-1,Stroma
ACGCTGTGAGGCGTAG-1,Stroma
GAGTCTTGTAAAGGAC-1,Stroma
TGGCCGTATATTGACC-1,adipocyte
TTGCATGCTGATCACG-1,adipocyte
CTAGCATAGTATAATG-1,suspected tumor
GTGCCGCTTCAAAGGT-1,adipocyte
AGTGGTTGCGTATAGG-1,adipocyte
CGTGCAGACTGGGACA-1,suspected tumor
AGTGGCGGCAATTTGA-1,Stroma
TTCCGGTTACCCACTT-1,Stroma
TGGAACCACTGACACA-1,Stroma
ACAATTTAGGAGGCTC-1,adipocyte
AATGATGCGACTCCTG-1,Stroma
GCTTGGATCGATTAGG-1,adipocyte
CCGTTACGTTAGAACA-1,Stroma
CCACACTGAGATATTA-1,Stroma
AGGTTGAGGCACGCTT-1,Stroma
CATGGTCTAGATACCG-1,Stroma
CAGATACTAACATAGT-1,Stroma
AATGGTCCACCGTTCA-1,adipocyte
GGTGCTGGTACACATT-1,suspected tumor
GACAGATTTCTGGCTC-1,
AATTCATAAGGGATCT-1,Stroma
TTCGTACTCCAGAACG-1,adipocyte
CCGCGGAATGCGTCAC-1,Stroma
ACACACCAGGACCAGT-1,Stroma
CGGAGCAATTTAATCG-1,Stroma
ACCCATCTTGAGGGTA-1,Stroma
GGGAACGGGAGGTTAG-1,adipocyte
AATGATGATACGCTAT-1,Stroma
ACTCTTGTATAGTAAC-1,Stroma
AGAGAACCGTCTAGGA-1,Stroma
GCCAATAGGGCATCTC-1,Stroma
TATACACAGACGCCTT-1,Stroma
ATACGGGTTTCGATTG-1,Stroma
CAAGATATTATAACGT-1,Stroma
GTCATGCACCTCCGTT-1,
TACGAACACGACTTCA-1,Stroma
GAATCGACATGGTCAC-1,Stroma
CTTCAGTGGTCGCCTA-1,Stroma
TTAACTTCAGGTAGGA-1,adipocyte
CTGGTTTCGAGCAAGA-1,Stroma
TTGGTCACACTCGTAA-1,Stroma
TGATGGCTGTTTCTGA-1,adipocyte
ATGCGACAGTCCCATT-1,suspected tumor
CTAGGTCTGAAGGAAT-1,Stroma
CTTGTTGCTGAGTCAA-1,suspected tumor
GTTTCTGCAGTCTCCC-1,suspected tumor
CATCGGACGGGTTAAT-1,suspected tumor
ATTCATATACTGTCCA-1,suspected tumor
TCATCGATGGTCCCAA-1,Stroma
GCCCGCGCGTAAACGG-1,adipocyte
AGAAGGTACACTTCAC-1,Stroma
ATCCAACGCAGTCATA-1,Stroma
TTCTGCGGGTTAGCGG-1,suspected tumor
GCGGTTCCCTATCATG-1,Stroma
TAGAAATTCACGTATA-1,Stroma
ATTCCCACATAAACAA-1,adipocyte
AGTTCCTACAGAATTA-1,Stroma
AAGAGCTCTTTATCGG-1,Stroma
CCTGACCACCGATGGT-1,suspected tumor
TACGCCATATTCTAAT-1,Stroma
CCCGTGAGGGCGGTGA-1,Stroma
CCGGCGTGAGACTCTG-1,adipocyte
CTACGACTAGCTATAA-1,Stroma
TTCAGCCCTGGTCCAC-1,Stroma
ATTTGTTCCAGGGCTC-1,Stroma
ATAACGCCGGAGGGTC-1,Stroma
TAGCTAGAAGGCATGA-1,Stroma
CTTGCAACCGCCTCCT-1,adipocyte
TATGATCCGGCACGCC-1,Stroma
ACAATTTGAGCAGTGG-1,Stroma
GCAAGAATTCCTTGGC-1,adipocyte
CATGGGTCGGGTGTGG-1,Stroma
TGCTGTTGAAGAACTC-1,suspected tumor
TATGGCCCGGCCTCGC-1,adipocyte
GCCGAAATTCCTACGT-1,adipocyte
ACGTTCGCAATCAATT-1,Stroma
CAGCAGCCCGTTCCTT-1,Stroma
GATTCGACGGTTCACG-1,suspected tumor
ATTGATCACCACATTT-1,Stroma
CCGCACAAAGACCAAC-1,Stroma
AATGACTGTCAGCCGG-1,Stroma
TGCCTGATCAAACGAT-1,Stroma
TCGCCGAAGTTGCGTC-1,adipocyte
ACAAGGACAAGAGGTT-1,adipocyte
TCCGAACTTGGCTTAC-1,adipocyte
TAAGCAGGCGACACGC-1,adipocyte
CGCTAGAGACCGCTGC-1,Stroma
GCCCGTAATACCTTCT-1,Stroma
ATGCCATTTGCGACCA-1,Stroma
GGATGTCCTTACCGCA-1,
CCACAATGTACGTCTT-1,adipocyte
TAGGGTGTTTCAAGAG-1,Stroma
GTGACCGCACACTACG-1,Stroma
CGCCTCCCTCCTCTAT-1,suspected tumor
GGTTCGGATTATACTA-1,Stroma
AATAGAATCTGTTTCA-1,
AGCCACTCCCGTGCTT-1,Stroma
AACGTCAGACTAGTGG-1,Stroma
CCACCAACTTTACTGT-1,adipocyte
ATAAATATTAGCAGCT-1,Stroma
GACATCGATTTATAAC-1,Stroma
CTGCTGAGGCCACGAA-1,adipocyte
CCAATGTCACAGCAAG-1,
CAATATTCTTGACCTA-1,adipocyte
CGGCAGGGTCGGGTTG-1,Stroma
CGGGCCTTCTTTGTAA-1,suspected tumor
CAAGAGGGCGGAGTAC-1,Stroma
CAAACGAGTATCGCAG-1,Stroma
GTTCACAGGAGTCTAG-1,adipocyte
CACGAAAGTTAGTCCC-1,adipocyte
GTGTTACTATGCGTCC-1,suspected tumor
TCCCAGCTTTAGTCTG-1,suspected tumor
CCAGATAGTTGAGTGA-1,
GAGTTGATGGCAATTT-1,Stroma
AAGTCTTCTGTGGCCT-1,Stroma
TTCTGCTAGACTCCAA-1,adipocyte
TGCAGCTACGTACTTC-1,Stroma
CAAGCAACGTCGGAGT-1,adipocyte
CACCACGCCACACAGA-1,Stroma
CACCCGGTTTGTGACT-1,adipocyte
ATCTTGACTTGTCCAA-1,adipocyte
TTGGATATCGTCTACG-1,Stroma
GCTTCCGTCCCTAGAC-1,
AGCCTAATACCCACGT-1,adipocyte
AGTGCTTGCACGAATA-1,Stroma
CTATTTGGTTACGGAT-1,Stroma
TCACATCTTATCTGAT-1,adipocyte
TTCTTGGACGATCTGC-1,adipocyte
CTATCGGGTCTCAACA-1,suspected tumor
CCCTAGGCAACAAGAG-1,Stroma
GGTTTACAATCTCAAT-1,Stroma
CTAAAGAATGCCTACT-1,Stroma
GAGTATGCCCGCCTTG-1,adipocyte
ATAAGTAGGGCGACTC-1,Stroma
GTGCGTGTATATGAGC-1,Stroma
TCCCAAAGACGAAGGA-1,Stroma
CAAGCACCAAATGCCT-1,Stroma
TTGGGACACTGCCCGC-1,Stroma
CGGACGTTACTTGAAG-1,Stroma
TGCGCGATTAACGGAG-1,Stroma
CTTTGGCTTTAGTAAA-1,adipocyte
ACCACAAGTTTCTATC-1,adipocyte
GGGCGGCAAATGAATT-1,Stroma
CCTGGCTAGACCCGCC-1,adipocyte
TTGTCACCGCGGTATC-1,Stroma
GTGAGTGGTACAACGC-1,Stroma
ACAATAGTCGTACGTT-1,adipocyte
TAACGCTTTGAGAGCG-1,adipocyte
GAAAGTGACTAACTGC-1,adipocyte
TATGGATGTGCTACGC-1,Stroma
GATCTAACCGTATTCA-1,Stroma
AGTTCCTATTTATGTT-1,suspected tumor
TTAAGCGCCTGACCCA-1,adipocyte
CGACCCTTAACGCCGG-1,adipocyte
AGGATAAAGTCGGGAT-1,Stroma
CTCCGCCCACATGAGG-1,adipocyte
CGACCTACTAGACAAT-1,Stroma
CTAAGGGAATGATTGG-1,
AATTAAAGGTCGGCGT-1,
GGGATTTACCGCACCT-1,Stroma
CCAAACAGAACCCTCG-1,Stroma
CGACAGTTCGCGTTAT-1,adipocyte
ACGCTAGTGATACACT-1,Stroma
AGTACGGGCACCTGGC-1,Stroma
GGTCTGAGAATCTGGA-1,adipocyte
AGATTATAGGACGTTT-1,adipocyte
TAGTCCGCAGAGAATG-1,Stroma
ATTCCTCCGCCAGTGC-1,Stroma
CGAGTACTAAAGAGGA-1,adipocyte
CCCGACCATAGTCCGC-1,Stroma
CAAGTGTGGTTGCAAA-1,Stroma
GGATCCGGAATATACT-1,Stroma
TTAACGTTAAAGCCTG-1,Stroma
TCTTACCGGAACTCGT-1,Stroma
TGCAGAACTATATCGT-1,adipocyte
GTCATGGACATGACTA-1,Stroma
GCTGTATTACTGGCCC-1,adipocyte
TGCGTCATGACTGAGC-1,Stroma
ACTTTCCTATAGCTTC-1,Stroma
CGGTTATCCAACAGTG-1,adipocyte
TCACGCATTGTAGATC-1,suspected tumor
CAGACGAACCTGATAC-1,Stroma
ATCCAGAGCAACAACC-1,Stroma
TCCGATGACTGAGCTC-1,Stroma
TTAGAAGAACATGACT-1,Stroma
ACTGTACGATACACAT-1,adipocyte
GGCGCGTTCGAGTTTA-1,Stroma
ATCTTGACCTGCAACG-1,Stroma
TCTACCGTCCACAAGC-1,Stroma
GACAGGCACACACTAT-1,Stroma
GGCAAAGGCGCCAATA-1,adipocyte
CTACTATCATAGGTTT-1,Stroma
TATCAGTGGCGTAGTC-1,Stroma
CCGATCTCAACCTTAT-1,Stroma
TTGCCATAGCCCGCTC-1,Stroma
CCGGGCGGTCTCGTCA-1,
ATCCAGGATTCGTGAA-1,Stroma
GGAATGCGCTAGCGTG-1,Stroma
TTACGGATGGTTCGAG-1,suspected tumor
CCGACAAAGGGAGTGC-1,adipocyte
CAATACGCTCTGAGGC-1,Stroma
TGCAGGATCGGCAAAG-1,Stroma
AGCATCATTTCGAAAG-1,Stroma
CAAACCAGGTCTGCAT-1,adipocyte
ATGGTCGCGTGGTTTC-1,Stroma
GCGAGTTCTGCAAAGA-1,Stroma
TACCAGAAGTAGGTTC-1,Stroma
ATTAATGAACCAGTCG-1,Stroma
TTGAATCGTTGTATAA-1,Stroma
GAAGCTCGGACCCGTC-1,Stroma
TAGCGTTGGGTCTTAC-1,
GAACGTTAGGAAGACG-1,adipocyte
TGGTTCGTAGCAAAGG-1,Stroma
GAACGACCGAATGATA-1,Stroma
GTTTACGTTCCATCTG-1,Stroma
GATCGGTGGCCATAAC-1,Stroma
TCTCGTGTTACGAGGA-1,Stroma
GGCCTTTGCAACTGGC-1,
GCCAAGAATACTTCTG-1,adipocyte
TGATTCAGGTCCCGCG-1,Stroma
ATTTGCGCGAGTAGCT-1,adipocyte
GGCAATAGTCAATGAG-1,adipocyte
CAATTAAGGGTGATGA-1,Stroma
CAGTTCAAATTGACAC-1,Stroma
TTACTAAAGGACTTTA-1,Stroma
CCGGTTTGTAATTGTG-1,adipocyte
CTGCACAACTACATAT-1,Stroma
GCGACGATAGTTGTAC-1,Stroma
CGGGATCAATGTAAGA-1,Stroma
TTGACCGTGTTAATGA-1,adipocyte
TGCCAAAGTCAGACTT-1,adipocyte
GAATAGACGCGACCCA-1,Stroma
GACCAGAGCCCTGTAG-1,
TTGACTACCATATGGT-1,adipocyte
GACTAAGATCATGCAC-1,Stroma
TGATTCGTCTATCACT-1,adipocyte
GGGACTGCATAGATAG-1,suspected tumor
ACGCATTCGTGAGTAC-1,suspected tumor
CCGGGCTGCTCCATAC-1,Stroma
ATCCTACCTAAGCTCT-1,suspected tumor
CACCTAATCAGTTTAC-1,Stroma
GGGCCTAAATGGGCTA-1,adipocyte
CAATAAACCTTGGCCC-1,Stroma
GACCCAATTATGATAC-1,Stroma
GGTGATAAGGAGCAGT-1,Stroma
GTGGACCAACCCGATT-1,adipocyte
GCCATATTGCACACAG-1,Stroma
CTAATTCTCAGATATT-1,Stroma
TGAGTGCCTCTTAAAT-1,adipocyte
TGTGTCGAAGTCGAGG-1,Stroma
ACCGACTGAGTCCCAC-1,Stroma
CAGTTCCGCGGGTCGA-1,adipocyte
CCAGTCTAGACGGCGC-1,Stroma
TCCTCCTAAGACATTC-1,adipocyte
AGCGTGGTATTCTACT-1,Stroma
CTCTTGTCCCGCTTGG-1,Stroma
TACCGCGGACTTGCAG-1,suspected tumor
TGTAATGACCACAATA-1,
CATTTAGCGGACCATG-1,Stroma
ATCAGACGGCACGCCG-1,adipocyte
CTAGTGAAGGACAGGA-1,adipocyte
ACGCCGCTAGACGACC-1,suspected tumor
GTTTCCTGGAGGGTGA-1,Stroma
CACATATTAGCAGGAT-1,Stroma
TGGCAGCAGTAATAGT-1,suspected tumor
CCTAAATTAACGGTTC-1,suspected tumor
CGTGCCCTCCCGAAGA-1,
GAGTCCGCTTACCGGA-1,
TTCATGGCGCAACAGG-1,Stroma
CGTGAAGTTAATTCAC-1,
ACTTGACTCCCTCTTT-1,suspected tumor
TAATAGAACAGAGTTA-1,adipocyte
AGCTTGATCTTAACTT-1,adipocyte
TGGCAAACTAAATTAC-1,Stroma
AGGTCAGGTGAGAGTG-1,adipocyte
TCGCTAAACCGCTATC-1,Stroma
TCCCGTGTGCAATTTG-1,Stroma
GACCGACTGAAGCGTC-1,adipocyte
ACCCTATGCCATATCG-1,adipocyte
TGTTCCGCTTCCATGA-1,adipocyte
GTTTCATATCGTCGCT-1,Stroma
AATTGAACGCTCTGGT-1,Stroma
ACTTATTAGGATCGGT-1,
TGCAGAGTACCGAGCA-1,Stroma
CGGTGAAGACTAAAGT-1,adipocyte
TCGCTCGATATATTCC-1,Stroma
CGCTATTCTTAGGCTC-1,Stroma
TTGTGTTTCCCGAAAG-1,Stroma
TTGTTGTGTGTCAAGA-1,adipocyte
GAAAGCCCTTTGGACC-1,adipocyte
ATAAACGGACCCGTAA-1,Stroma
CACACAGGGATAGATT-1,adipocyte
TGGTAAGCAGGATTGA-1,Stroma
GCGGCTCTGACGTACC-1,Stroma
AATCTGCGTTGGGACG-1,Stroma
TGTAGTGATCTATAAT-1,adipocyte
CAAATGTCCTTCCGTG-1,suspected tumor
TTCGACAGAGCCCGTG-1,Stroma
GCAGATTAGGGATATC-1,suspected tumor
GAATGTGGTCCGGATT-1,Stroma
GAGATCTGCTTGGCAT-1,adipocyte
ATTATAGCTACTTTAC-1,
CTGTTCACTGCCTGTG-1,Stroma
CACTAAAGTTGCCTAT-1,adipocyte
ACGTCTCGTTCCGGGA-1,Stroma
GACTCGCGGGAATGAC-1,Stroma
TCTTTAGCAGGCGAAC-1,Stroma
TTCTAGGCCAATTGTG-1,Stroma
GATGTTCAATCCACGA-1,Stroma
GCATTCAAGGCAACGC-1,adipocyte
TAACATACACGCGATC-1,Stroma
GCTAGCTTGAATAGCT-1,Stroma
GCGTAAATGGCCATAA-1,Stroma
TTCAATACTCTGAATC-1,Stroma
CCAGTAGTCTGATCCA-1,Stroma
AGATGCATCCTGTGTC-1,Stroma
TCGCTTTAAACGTTTG-1,Stroma
TCAACCATGTTCGGGC-1,Stroma
CGCTGTGACGCCGCAC-1,Stroma
AGTCGACGGTCTCAAG-1,Stroma
TTATGTTTGCGATAGA-1,adipocyte
TGCATGTGGTAATCTA-1,adipocyte
AAATTACCTATCGATG-1,Stroma
ACGATACCTATCCTGA-1,adipocyte
CGACAATTTGATCTAA-1,Stroma
CCTCCGACAATTCAAG-1,adipocyte
GTTGCACGGAGTTTCG-1,Stroma
TGTGACTACGCCAGTC-1,Stroma
ACAGGTGTGTTGTTGC-1,Stroma
AGACCCGCCCTCCTCG-1,Stroma
AATGACGTAGGATGTC-1,Stroma
CCACGGTGCCCGGTAG-1,Stroma
CGTCACGTCCATTGGT-1,Stroma
CCCGAAGTTTCGCGAA-1,adipocyte
GCAACCACGGCCGCGT-1,adipocyte
CGCAATTCTACAATAA-1,adipocyte
CTAACCGCGCGCCCGT-1,Stroma
GTGCTCAAGTACTGTC-1,suspected tumor
TTATCTGACATTAGGA-1,Stroma
TCTAGCATCTTCGATG-1,Stroma
TATAGGGTACTCATGA-1,adipocyte
AATAACACTAGAACAA-1,adipocyte
CGAGAGCGCGTAGATA-1,Stroma
TGGCCAATTTGGTACT-1,Stroma
TTATCCTCAAGGAATA-1,Stroma
ACACCCAGCATGCAGC-1,Stroma
CCCGGTGTATCGGAAT-1,Stroma
GACACTGAGTTCAGTG-1,Stroma
GGGCGGGTTCCCTACG-1,adipocyte
TTCTGCGAGCGCCCTT-1,adipocyte
TATTAACCTGACCGCG-1,
ATTAAACATGCGGACC-1,suspected tumor
TCGTCACACTGTTAGC-1,adipocyte
CCAAGACTTCTGCGAA-1,Stroma
AGGTTTCACACACCTT-1,Stroma
AACTCTCAATAGAGCG-1,
GGGCGATATGTGTGAA-1,Stroma
CTGAATCCGAGACCTC-1,suspected tumor
CCCGCAGCGCGAACTA-1,Stroma
CGGTGCGCGTTGGTCC-1,adipocyte
CGCAGATCTTCACCCG-1,Stroma
GTACTAAGATTTGGAG-1,Stroma
CGTGTCCCATTCGCGA-1,adipocyte
GGCTCTGCTCCAACGC-1,Stroma
TTCCGCGTGAGGCGAT-1,
TGCGACACCCTAGTGC-1,Stroma
ATATCTTAGGGCCTTC-1,Stroma
TATTACCATCCTGCTT-1,Stroma
TTAGCTGATTTGCCGT-1,Stroma
GGCGGTAGGATCATTG-1,adipocyte
GAGTCGACAGACCCTC-1,adipocyte
GTAGCGGCTATACACT-1,Stroma
CTTCTATGTTGAAGTA-1,adipocyte
TTGCTCCCATACCGGA-1,Stroma
CACAGCTAGGGAGTGA-1,Stroma
GGCGAAATCTAACTTG-1,Stroma
ATCACATTAGAATATC-1,Stroma
CTACTCTAGGCCCGGC-1,adipocyte
GCTGTTGCTACCGAAC-1,Stroma
CTGGCATCCGAATGAG-1,adipocyte
CTTACACGGTATTCCA-1,adipocyte
CCTCGGACCGGGATAG-1,Stroma
AGGGCGAGCAGCTGAT-1,adipocyte
CCATTAGCGATAATCC-1,adipocyte
AGTTTGGCCAGACCTA-1,adipocyte
ACACGGGAACTTAGGG-1,Stroma
TTGATCTAACTTTGTC-1,Stroma
CTATTCATGTGTCCCA-1,Stroma
AATTAGCGCTGCAGCG-1,Stroma
ATACGGTGAAGATGCA-1,adipocyte
GCGGAGAAACTTCGCA-1,adipocyte
CAAATCTCTCACAAGG-1,adipocyte
AAACCGGGTAGGTACC-1,adipocyte
GGCGGAGTAATATTAG-1,adipocyte
CCATTCCCTGCCCACA-1,adipocyte
TCCCGGGTGTGCTGCT-1,adipocyte
CGGCCCAACCTGTAGT-1,adipocyte
CCGCGGGTACGAAGAA-1,adipocyte
GCTAAGTAGTTTCTCT-1,Stroma
TGCCACCTGGCGAAAC-1,Stroma
ACCCAACGCCCGTGGC-1,adipocyte
CATACGGCGTCTGGGC-1,suspected tumor
GGATCAGAGCCATCAG-1,Stroma
CCTTCTCAGCGTTCCT-1,adipocyte
GCTGAGGCGTGAGTAT-1,suspected tumor
GTGACGAGGGTGACCC-1,adipocyte
CACGTTCGTGCTCTAG-1,Stroma
TTCGACGGGAAGGGCG-1,Stroma
ATCCTGAATCGCTGCG-1,Stroma
TGACGATGCACTAGAA-1,Stroma
AAACAGCTTTCAGAAG-1,adipocyte
GAATGGGCTTATCGAC-1,Stroma
CGCACATGTCCACTAC-1,Stroma
AAGCGTCCCTCATCGA-1,
CGCATGGTGCGATGCT-1,suspected tumor
GACTGCACCAGCCCAG-1,Stroma
TTAGCTCTGTAATCCG-1,adipocyte
TCTAGGTGGCGACGCT-1,adipocyte
CCTGTGAAACCGTAAC-1,adipocyte
GTACGTTTGCCCGTCA-1,suspected tumor
GTACAGAGGCAAGGGT-1,Stroma
TCCAGAGCACCGGTTC-1,Stroma
CTCGATATTTGCGAGC-1,Stroma
AAGGGACAGATTCTGT-1,Stroma
GACGCTTGCTTCTAAA-1,adipocyte
TCACAGGTTATTGGGC-1,
ACTATCCAGGGCATGG-1,Stroma
GTGTACCTTGGCTACG-1,Stroma
TATATCATTGATCAGT-1,adipocyte
GACGGTCAATAGAAGC-1,adipocyte
ATTTACAGTTTACTGG-1,adipocyte
TAATTTCCGTCCAGTA-1,Stroma
TCAACAAAGATAATTC-1,Stroma
CTTTAACTTTCAAAGG-1,Stroma
ACCCACCTACATGCTC-1,adipocyte
AAATTAACGGGTAGCT-1,suspected tumor
GGGCAGACGTCACTGC-1,Stroma
ATGGATTGACCAAACG-1,Stroma
TAGGTCCAAGTAAGGA-1,adipocyte
TCAACATCGACCGAGA-1,adipocyte
CCGAACCTTCCCGGCC-1,Stroma
GCTGCACGGTTTCTTA-1,suspected tumor
CAGAGCATGAGCTTGC-1,Stroma
CGATGGACCCTACGCC-1,Stroma
TCCTGCGTTGATACTC-1,adipocyte
GGGCCCGTCTTAAACA-1,suspected tumor
AAATTTGCGGGTGTGG-1,adipocyte
AGTGATTCAAGCAGGA-1,Stroma
ATGGAAATTTAAGGAG-1,Stroma
CCGCTTGCTGACATGG-1,Stroma
TCCGGCCTAGCGTACA-1,Stroma
CCTCTCTCCCATCTAG-1,adipocyte
GTACTCCCTTATCGCT-1,adipocyte
GGCGCAGGACATCTTC-1,adipocyte
GGCGCAGGACATCTTC-1,Stroma
ACGCGCTACACAGGGT-1,adipocyte
TTCTTGTGTCCATCAG-1,adipocyte
AGTGATATGAGTAGTT-1,Stroma
ACGTAGATTGCTGATG-1,suspected tumor
GGTCGGATAAACGGCG-1,Stroma
TAGAGTCTAAGCGAAC-1,adipocyte
GTGGAGTCGGCGGTTG-1,adipocyte
AAATACCTATAAGCAT-1,Stroma
TAGCTCGCCTGATAAC-1,Stroma
GCAACACACTAGAACT-1,adipocyte
AAACAGGGTCTATATT-1,adipocyte
CTTAAGCAGCGAGCCG-1,Stroma
CAAGGTCCTATAGGCT-1,Stroma
ACAAGGGCAGGCTCTG-1,Stroma
GAGAGGGCGCGAGGTT-1,Stroma
CCTGTCGCCCGTAAAT-1,Stroma
ACGTTAGATTTGCCCG-1,adipocyte
TGTACGAACAAATCCG-1,adipocyte
TTCCCGGCGCCAATAG-1,adipocyte
GACGACGATCCGCGTT-1,Stroma
GCTCTAAACCCTGACG-1,Stroma
CTACCCTAAGGTCATA-1,Stroma
ATTGTACAACTCGGCT-1,Stroma
TTGAATTCACGTGAGG-1,Stroma
CTAAATCCTATTCCGG-1,Stroma
TGCGTTTGTTGACACT-1,suspected tumor
TAATCGATCCGTACGT-1,Stroma
CAAGGATCGCATGTTC-1,Stroma
GCCGCATTAGTCCGGC-1,adipocyte
AGTCTAAAGTATACTC-1,adipocyte
TCGTAAGACGACATTG-1,Stroma
AGAACGTGGTACATTC-1,Stroma
AGGGACTCTACGCGAC-1,Stroma
AAGAGGATGTACGCGA-1,
AAACTTGCAAACGTAT-1,adipocyte
TCCCTAGATCAATAGG-1,
GCATTGTAATTCATAT-1,Stroma
TATTAACACCAAAGCA-1,Stroma
GCGAGGCCCGAGCAGA-1,Stroma
GGAGAAGTCATTGGCA-1,Stroma
CCTATACCGTCCTGTC-1,adipocyte
GATATGAGACACTAAC-1,suspected tumor
TTGTTCAGTGTGCTAC-1,Stroma
TCCTAGCAAAGAAGCT-1,Stroma
TGCCAATGGGTACTCT-1,Stroma
GATGCTGTATTTCATC-1,suspected tumor
TCTTCGATACCAATAA-1,adipocyte
CGGTTCAAGTAGGTGT-1,Stroma
ACCCTCCCTTGCTATT-1,Stroma
TCCCGCGTACTCCTGG-1,Stroma
CCGGAATGGTTTCAGT-1,
CGGTTGACCTGGCATA-1,Stroma
CCTCCTGAGCCCACAT-1,Stroma
GTGGCCTAATATCATT-1,adipocyte
CTGCACCTAGTCCACA-1,
CCGCTTACCTCACTCT-1,adipocyte
AGCTCTTTACTCAGTT-1,suspected tumor
GAAATCGCGCGCAACT-1,Stroma
CACTCGGTTAGGAGGA-1,adipocyte
TGTATAACAGATCCTG-1,
CTGCGGGTGAAATGTT-1,adipocyte
GAACGTCTCATGGTCG-1,Stroma
TAGTGCCCTCCAGAGT-1,suspected tumor
TTCCTCGAGGGTGTCT-1,Stroma
AATGCAACCGGGTACC-1,Stroma
GCTACGACTTATTGGG-1,suspected tumor
CGAGTTCTGTCCCACC-1,Stroma
CCCAGTAAACTTGGGA-1,Stroma
ATAGACAACGGGACCT-1,adipocyte
CGGGCAGCTAAACCGC-1,suspected tumor
CAACGACCCGTTTACA-1,Stroma
ATCGACCCAATACAGA-1,suspected tumor
TAGATATGGACTGGAA-1,Stroma
AAGTAGTGACGCGAGG-1,adipocyte
AACGTGCGAAAGTCTC-1,Stroma
ACGATACATAGAACTA-1,Stroma
CGAGGGACTGCGGTCG-1,suspected tumor
GGAGTGCCGCCCTGGA-1,
TTACTCTGGTACGTAC-1,adipocyte
CATGATGCACAATTCT-1,Stroma
TGGACTGTTCGCTCAA-1,Stroma
GCGTCTCTGCATTGGG-1,Stroma
CAATTTCGTATAAGGG-1,
CCTGCGTTCTACGCTT-1,adipocyte
GGGTTAACATTTGAGT-1,Stroma
ATAGGTTGGGCAGATG-1,Stroma
GGGTGCATATGAAAGC-1,adipocyte
CACTTAATCAGACGGA-1,adipocyte
AATATCGAGGGTTCTC-1,Stroma
CCTAGGTAAAGGTAGC-1,adipocyte
ATTTGTCTTGGGAGCT-1,Stroma
TCATGCAGGTTCTCAT-1,Stroma
ATGGATCCGGCGTCCG-1,Stroma
TGGTTAAGGGCGCTGG-1,Stroma
CCAGCCTGGACCAATA-1,suspected tumor
TATAGCGCACGTTATC-1,Stroma
GAGCTAAGGGCATATC-1,adipocyte
CGGCCACGCACAAAGT-1,Stroma
TGGCCAAACTGAAGTA-1,Stroma
ATCATCCAATATTTGT-1,Stroma
TTATGACAAACTGGAT-1,adipocyte
ACTTCGCCATACGCAC-1,Stroma
ATGAGGAGTGTTAATC-1,Stroma
CGATACCTCGCGGACA-1,suspected tumor
TACTTTACTGAGCCGG-1,adipocyte
GTACGAGATTGCGACA-1,Stroma
GGTTGTGTAGCCTGGC-1,adipocyte
CGTCGGATAGTGTTGA-1,suspected tumor
GTACTCCTGGGTATGC-1,Stroma
TCAGACGCTATAGAAG-1,Stroma
AGGTCGCGGAGTTACT-1,Stroma
AGTCTCACAAGACTAC-1,
CTAACGAAACTTGCTG-1,adipocyte
GCCTCATCTGGAAATA-1,Stroma
CGATCTGTTGGAGGAC-1,adipocyte
GAACACACATCAACCA-1,Stroma
CCGGGTTCGAGGTTAC-1,adipocyte
CGCTTTCTTGCATTCG-1,Stroma
CCGCGTAGGTAAGGGC-1,adipocyte
CTGCCCACGAAGCGTT-1,adipocyte
GTGGTTTCCGCCTTTC-1,adipocyte
GCGCTGCTTTGCATTT-1,
TGAGCCATACAGTCTC-1,adipocyte
ACCATCCGCCAACTAG-1,adipocyte
TGACATATATGACGAT-1,Stroma
ATGTTCGTCGACCCAC-1,adipocyte
CTTGCCCAGGCTCTAC-1,suspected tumor
AACAACTGGTAGTTGC-1,adipocyte
CGCCATCCGATTATGA-1,Stroma
TTGCCCTGATCACGGG-1,adipocyte
TGATTTATTAGCTGTG-1,adipocyte
CATTATGCTTGTTGTG-1,Stroma
AAGGAGCGGTTGGTGC-1,Stroma
AGCCGTGGCTAAATGT-1,adipocyte
GTCGTGTCTGGTCATC-1,adipocyte
GTTAGCCGTAAATCAA-1,adipocyte
TTCAGGCGTCAAAGCC-1,Stroma
TTGGTTGCGGTGCGCG-1,Stroma
TAATACACAGTAGTAT-1,Stroma
TTGAAGAATTCCCAGG-1,suspected tumor
TTCACGAAAGGATCAC-1,Stroma
CAGTCTGTATACTGGG-1,suspected tumor
TGAGCTTTAATGACGC-1,Stroma
GGACCAACAGGATAAC-1,Stroma
AGGGCTGCAGTTACAG-1,Stroma
GGATCTTGACTCAACC-1,Stroma
GCGGGCGAGCCTTACC-1,Stroma
GATGACAAGTAGGGCA-1,
GGTACAAACATGCTAT-1,suspected tumor
GCACGCCTACTTAGAT-1,adipocyte
ATCGACTCTTTCCGTT-1,Stroma
GCAGGACTATAGAATA-1,adipocyte
GCTCAATCCGTTTATT-1,adipocyte
CCTGTACTCACGCCCA-1,Stroma
ACACGAGACTCCTTCT-1,adipocyte
CCTGCCCGTTGTCTAG-1,adipocyte
TGAGTGGTCCGTGACG-1,adipocyte
TACGTTTACCGGCAAT-1,adipocyte
TAACTATCGAAGGTCC-1,Stroma
CTGATAGTGTATCTCA-1,adipocyte
TACGCTATAGAAACCT-1,Stroma
ACAAGCTATATGGAAG-1,Stroma
TGACATCGAGCGGACC-1,Stroma
TACCTATCCCTAGAGG-1,Stroma
CAGTGAATAAATGACT-1,Stroma
TCAGGGTGTAACGTAA-1,Stroma
CGGTACTAGAATCAAA-1,Stroma
CTGGAAATGGATGCTT-1,adipocyte
GTACTGGAGTTAGACC-1,Stroma
CACATGATTCAGCAAC-1,suspected tumor
TAACCTACCGTCCGAG-1,suspected tumor
AATATCCTAGCAAACT-1,Stroma
TCGCCGCACCGCGTGA-1,Stroma
CGCACGTGCGCTATCA-1,Stroma
CACCGCCAGAAGGTTT-1,Stroma
TAACTATTACGCCAAA-1,adipocyte
TCAGAACCTCCACAGG-1,adipocyte
TCGTTGCTATCCGGTC-1,Stroma
GGTATAGTGACACATA-1,Stroma
GTAATCTGATTCTTCG-1,adipocyte
GCATTTCCAAGGCTCC-1,Stroma
ACCATATCCGCAATAA-1,adipocyte
CTGTCAAATGGCTCGG-1,Stroma
TCTAGCAATCTCCGCC-1,adipocyte
CATTTGAGTGGTACGT-1,Stroma
AAGGCTGTGCTCATCG-1,adipocyte
AGTCGTGGGCATTACG-1,adipocyte
TCCGCGGCAGCATCTG-1,Stroma
AACTCAAGTTAATTGC-1,Stroma
GTCAGAATAGTCTATG-1,adipocyte
CCTCGCGCGATATAGG-1,Stroma
GAATGTTGGGTAATCT-1,Stroma
TCCGGTTCGTCCGGTC-1,Stroma
AAGCTAGATCGAGTAA-1,Stroma
CACGTCGGCAACCTCT-1,adipocyte
GACAACGCAGCTTACG-1,Stroma
CCACGAGAAGAGAATC-1,Stroma
AGGCTATGGTTAGCTT-1,adipocyte
GTTCGGGCGTACCATT-1,adipocyte
GGTCTCTGAATGGACT-1,adipocyte
CATATAGGTACAGTCA-1,suspected tumor
GATGCGTCCTGCATTC-1,adipocyte
CCCTGCGCTACGCATA-1,adipocyte
AACGTACTGTGGGTAC-1,adipocyte
TTATATTTGGCAATCC-1,Stroma
GGGCTGGTTAGTCGCG-1,Stroma
ACCTCCGTTATTCACC-1,Stroma
GAAAGAACAGCGTTAT-1,Stroma
CCTGAACGATATATTC-1,
TCGGAGAGTATCGGGA-1,adipocyte
TCGGGCCGTCGTGGTA-1,Stroma
GCACACGCCCATGGTC-1,adipocyte
TCTTCGAATAGACGTT-1,Stroma
GGTAGACCGTTGGGCG-1,Stroma
GTCAAAGAAGTGGTGT-1,Stroma
CTCGGTTGTCGGCCCT-1,Stroma
GTAGAGGGAGACAAGT-1,adipocyte
CGGTCAAGTGGGAACC-1,Stroma
GTAAGCGGGCAGTCAG-1,Stroma
TGCATATGTCTGTCAC-1,Stroma
CATAACGGACAGTCGT-1,Stroma
ACATCCCGGCCATACG-1,Stroma
AATCTATGCCGGAGCC-1,Stroma
CAGAGACGGTCACCCA-1,Stroma
GTGCCATCACACGGTG-1,adipocyte
TCTAGTTATCAGAAGA-1,suspected tumor
CGGAGTTTGAGAGACA-1,adipocyte
AGGCAGATGCGTAAAC-1,Stroma
CGAACGGCCGGACAAC-1,adipocyte
CACACGCGCTGTCTTA-1,Stroma
GAAACCATGGTGCGCT-1,adipocyte
CCTGAATATTTACATA-1,Stroma
GGTCGGTCGTCCACAG-1,
AACTGGGTCCCGACGT-1,Stroma
AGTATAATACTAGGCA-1,Stroma
ACGCCAGATGATTTCT-1,Stroma
GATCCGGGAATTAACA-1,
GGTCAGTGGGTCCCAC-1,Stroma
GAGGAATGGAGAGGTT-1,adipocyte
AGGACAGTCGAATCCC-1,Stroma
TGTGTCGCGAGTTGCA-1,Stroma
ACTTATACTTACCCGG-1,Stroma
TACTCTCCGAACAAAT-1,Stroma
CTTAGTAGGCCTACAG-1,adipocyte
TCGCGTCCAGAAGGTC-1,adipocyte
CACCGTTAGGGATCAC-1,adipocyte
ACCCGGATGACGCATC-1,Stroma
CACCTTGCGAAACTCG-1,Stroma
TCAGGTTCTTTGAGAA-1,adipocyte
GAAGTGATTTATCGTG-1,Stroma
ATGGGCCTCGGCCTCT-1,Stroma
AAATGGCCCGTGCCCT-1,Stroma
CTCTACACTGGCGATT-1,
ATTAGATTCCTCAGCA-1,Stroma
TACCGTGCCTCGGACC-1,Stroma
CTACTGCCACCTGACC-1,Stroma
TATGGTCTGAGTAACA-1,adipocyte
TGGGCCACAAGAGCGC-1,Stroma
TATCACCCAACCGACC-1,Stroma
GTGGTTACTTCTTTCG-1,adipocyte
CGCCTGGCCTACGTAA-1,adipocyte
TGTTCGTATTGCGGTG-1,Stroma
CCTCGGATGCTACCTG-1,adipocyte
CAGTACCAGTTTACGT-1,adipocyte
TTGTAAGGCCAGTTGG-1,Stroma
CGTTGAGCGACCGTCG-1,Stroma
AAACCTCATGAAGTTG-1,Stroma
ACTCAATAAAGGCACG-1,Stroma
ACAACAGCATGAGCTA-1,
ACTTTACCCTCATGAA-1,adipocyte
AGGATCACGCGATCTG-1,adipocyte
ATCTGGTTAAGACTGT-1,Stroma
TATTCCTCCGCCCACT-1,adipocyte
TCTGTGCCATCATAGT-1,Stroma
AGGGACCGGCTGCGTT-1,Stroma
GCCCTAGCCGTCGCGA-1,Stroma
GGCTCGCGTTGAGGTA-1,
TACGCAGTTCTTTCCT-1,suspected tumor
TAAGTAACATCTTGAC-1,
ATAGGCGGCTATAGAA-1,adipocyte
CCGTGTTAAATTCCAT-1,adipocyte
TGTAGGAGAAATTTCC-1,Stroma
GGCTGAAATAGCAAAG-1,Stroma
TGCAGATCGTCCTAGG-1,Stroma
AGGGTTCCCTTTGGTT-1,adipocyte
CGCGGGAATTAGGCAG-1,Stroma
CGTGCATTGTCGACGC-1,adipocyte
AACGGCCATCTCCGGT-1,adipocyte
TCTGGCGCAAGCCGGG-1,adipocyte
CACCCAAATCTTATGT-1,Stroma
GTCCCAATCATCCCGC-1,Stroma
TAGTCTAACAACGAGA-1,adipocyte
CCCACTCCACGGTATC-1,Stroma
TCCCTGGCTCGCTGGA-1,adipocyte
ATATCTCCCTCGTTAA-1,Stroma
GAGATGGGAGTCGACA-1,Stroma
GGACAAGTTGCAGTGA-1,adipocyte
GTTAAAGTAGGACTGG-1,Stroma
AGGCTTCCCGAAGAAG-1,adipocyte
CAGACACCGATCGCTG-1,Stroma
CTTGTGCTCACCGATT-1,Stroma
CACTCCTATGTAAGAT-1,adipocyte
GCCCGATCTGTGGTCG-1,Stroma
GCATAGAGCACTCAGG-1,adipocyte
CGAAGACGGTGAGTGC-1,adipocyte
TCACGGTCATCGCACA-1,Stroma
CTTGAGTTAGGGTAAT-1,Stroma
TCAGTACTGACCCGCG-1,adipocyte
GTAAGTAGGGTATACC-1,adipocyte
GTATAGGACTCAGTAG-1,Stroma
TCGCTGGGCGGATTGT-1,Stroma
AAGGATGAGGGACCTC-1,Stroma
GACAACGACCATTGAA-1,Stroma
ATCAGTAGGCAGGGAT-1,Stroma
AGGTATAATTGATAGT-1,Stroma
GACGTGTAGGGATTAT-1,adipocyte
GATTCCCTTGTCGCAG-1,Stroma
AACAATTACTCTACGC-1,adipocyte
TCACAGCAAACTCGAA-1,Stroma
GCGAAACTTAACTGGA-1,Stroma
CGACTCAGGATGTTAT-1,Stroma
CACTCAAGAGCTATGG-1,Stroma
CCGCACGTGACCTCGG-1,adipocyte
CGTTCATGGTGCGCGT-1,adipocyte
TACGGGATGCTAGCAG-1,Stroma
TTATGAATGAAAGGGA-1,Stroma
TCCGATTACATTGCCG-1,adipocyte
TGAGTAAATTAGCGTA-1,Stroma
TTCTTGGAGTAATGAG-1,Stroma
CCACTGGTGGCTGGTT-1,Stroma
GGGAGGATGCCCGAAA-1,adipocyte
TGATCCCAGCATTAGT-1,Stroma
TATCTACCACAGCGGG-1,Stroma
GGGTGACACCTTAACT-1,suspected tumor
TCCACTTTATCTAGGT-1,adipocyte
GTACGCTTCATTGCAC-1,Stroma
AAACCGTTCGTCCAGG-1,adipocyte
TCGGAATGCGCTCTGA-1,adipocyte
CCTGTAAGACATGATA-1,adipocyte
TTCTAACCGAAGCTTA-1,Stroma
GTGAGCGTGCTGCACT-1,adipocyte
CACAGCACCCACGGCA-1,
AACAGGATGGGCCGCG-1,adipocyte
AGTACATCATTTATCA-1,adipocyte
CCACCCAAGGAAAGTG-1,Stroma
TCAGTAGGGACTATAA-1,Stroma
TCAAACTTAGATTGTT-1,adipocyte
GTGGTGGCCAAGTGAA-1,Stroma
GTTACAATTGGTGACG-1,Stroma
GCCGCTTGTGAGAAAC-1,adipocyte
GAATTATAGTGAAAGG-1,suspected tumor
TCGTGTACTATGGATG-1,Stroma
ACATCGATCGTTTACC-1,suspected tumor
CGAGTGAAGGTACCAG-1,adipocyte
AGATGATGGAGTCTGG-1,Stroma
TACTGAACAGATTTAG-1,adipocyte
TCAACGAGGAGACAAA-1,suspected tumor
CTTCCGCTCCGTGAAG-1,
TGCCACACTAGAGGAA-1,Stroma
GGTGAAGTACAGGGAT-1,adipocyte
CTTCTATTAATGCTAG-1,Stroma
ACATCGGTCAGCCGCG-1,adipocyte
ACCCGGTTACACTTCC-1,suspected tumor
TGGTTCAACGGGTAAT-1,Stroma
TCCGAATGGTCCTGAG-1,adipocyte
AGCGGCGGTTAGCGGT-1,adipocyte
AGCCCATACATGTAAG-1,adipocyte
GGGCTCATCGAACCCA-1,Stroma
ACGGGAGTGTCGGCCC-1,adipocyte
GTGAACTCCCATTCGA-1,adipocyte
GGGCAACCGCACGTGC-1,Stroma
ATTGATGAGTCCTAAC-1,suspected tumor
TACGATGTTGATCATC-1,adipocyte
ACTCGTCAGTAATCCC-1,Stroma
AACGATATGTCAACTG-1,Stroma
TCCGATGGTGCGACAT-1,Stroma
CCGTTCCGAATCTCGG-1,Stroma
AGACTAGCCTTCCAGA-1,Stroma
TATGACCTTGCGCTGG-1,Stroma
AGATGACTCGCCCACG-1,Stroma
TAGGGAGCTTGGGATG-1,Stroma
AAATAGCTTAGACTTT-1,Stroma
CAGAGGCGATGCATGA-1,Stroma
AGGGTTTAGTTCGGGA-1,suspected tumor
GTAGTCGCGGGAATCA-1,Stroma
AGTCTTCTCCTCAAAT-1,Stroma
TAAGTCGCCGAGTATC-1,adipocyte
ACGAGTACGGATGCCC-1,Stroma
AGTGAGACTTCCAGTA-1,Stroma
CTCGGTACCACTGCTC-1,suspected tumor
TCAACGCAGGAAATAA-1,adipocyte
CTCTATTTGGCTGCAG-1,Stroma
ATAGTTCCACCCACTC-1,Stroma
TATGGGACCGAGCAGG-1,
GGATTCCGCTATACCC-1,Stroma
GTCATTGCATTGACCC-1,adipocyte
ATAGGGATATCCTTGA-1,Stroma
ATGTGCATCCGACGCA-1,Stroma
TCCTTCAATCCCTACG-1,Stroma
TCTTACGGCATCCGAC-1,adipocyte
CCTCTATCGATTAGCA-1,Stroma
ACACTGATCAAGGTGT-1,Stroma
TTGCTGATCATGTTCG-1,suspected tumor
GCGGTGAACTGCGCTC-1,Stroma
AAATCGTGTACCACAA-1,suspected tumor
ATATTCCACATAGTGA-1,Stroma
TATAGATGGTCGCAGT-1,Stroma
CCTGTCACCCGGGCTC-1,
