barcode,cluster
AAACAAGTATCTCCCA-1,0
AAACAGAGCGACTCCT-1,2
AAACAGCTTTCAGAAG-1,2
AAACCCGAACGAAATC-1,6
AAACCGGGTAGGTACC-1,9
AAACCGTTCGTCCAGG-1,6
AAACCTAAGCAGCCGG-1,7
AAACCTCATGAAGTTG-1,9
AAACGAAGAACATACC-1,3
AAACGAGACGGTTGAT-1,3
AAACGCCCGAGATCGG-1,3
AAACGGGCGTACGGGT-1,7
AAACGTGTTCGCCCTA-1,8
AAACTAACGTGGCGAC-1,3
AAACTCGTGATATAAG-1,8
AAACTGCTGGCTCCAA-1,1
AAACTTGCAAACGTAT-1,7
AAAGACCCAAGTCGCG-1,8
AAAGACTGGGCGCTTT-1,8
AAAGCTTGCCTACATA-1,8
AAAGGGATGTAGCAAG-1,6
AAAGGGCAGCTTGAAT-1,9
AAAGGTAAGCTGTACC-1,9
AAAGTCACTGATGTAA-1,6
AAAGTCGACCCTCAGT-1,9
AAAGTGTGATTTATCT-1,5
AAAGTTGACTCCCGTA-1,6
AAATAACCATACGGGA-1,8
AAATAAGGTAGTGCCC-1,2
AAATACCTATAAGCAT-1,8
AAATAGCTTAGACTTT-1,6
AAATAGGGTGCTATTG-1,0
AAATCCGATACACGCC-1,3
AAATCGTGTACCACAA-1,9
AAATGATTCGATCAGC-1,8
AAATGGCATGTCTTGT-1,6
AAATGGTCAATGTGCC-1,8
AAATTAACGGGTAGCT-1,8
AAATTAATAAGCGCGA-1,2
AAATTACACGACTCTG-1,2
AAATTACCTATCGATG-1,3
AAATTCCAGGTCCAAA-1,6
AAATTGATAGTCCTTT-1,7
AAATTGGTGAGAAGCA-1,8
AAATTTACCGAAATCC-1,3
AAATTTGCGGGTGTGG-1,1
AACAACTGGTAGTTGC-1,8
AACAATTACTCTACGC-1,5
AACACGACTGTACTGA-1,9
AACACGAGACGCGGCC-1,7
AACAGGAAATCGAATA-1,2
AACAGGATGGGCCGCG-1,2
AACAGGTAGTATGGAT-1,8
AACATATCAACTGGTG-1,8
AACATCGATACGTCTA-1,3
AACCAAGACTTCTCTG-1,8
AACCAGTATCACTCTT-1,8
AACCCAGAGACGGAGA-1,9
AACCCTACTGTCAATA-1,6
AACCCTGGTGGAACCA-1,8
AACCGAGCTTGGTCAT-1,5
AACCGCTAAGGGATGC-1,5
AACCGTTGTGTTTGCT-1,8
AACCTCGCTTTAGCCC-1,7
AACCTGTCACGGAATT-1,4
AACCTTTACGACGTCT-1,8
AACGATAATGCCGTAG-1,7
AACGATAGAAGGGCCG-1,3
AACGATATGTCAACTG-1,8
AACGCATGATCTGGGT-1,3
AACGCGGTCTCCAGCC-1,1
AACGGACGTACGTATA-1,9
AACGGCCATCTCCGGT-1,5
AACGTACTGTGGGTAC-1,2
AACGTCAGACTAGTGG-1,5
AACGTGATGAAGGACA-1,8
AACGTGCGAAAGTCTC-1,6
AACTACCCGTTTGTCA-1,8
AACTCAAGTTAATTGC-1,8
AACTCCAGAGCGTGTT-1,7
AACTCCTAATCCCATG-1,8
AACTCTCAATAGAGCG-1,3
AACTCTCAGTGTGCTC-1,6
AACTGAGGTCAGCGTC-1,3
AACTGAGTTATACTGA-1,1
AACTGATATTAGGCCT-1,1
AACTGGGTCCCGACGT-1,9
AACTTGCCCGTATGCA-1,8
AACTTTACGGGAGCTT-1,8
AACTTTCTCGATCATG-1,3
AAGAAATCACCAGATT-1,8
AAGACCCAACTGAACA-1,0
AAGACTGCAAGCTACT-1,8
AAGAGATGAATCGGTA-1,9
AAGAGGATGTACGCGA-1,9
AAGAGGCATGGATCGC-1,8
AAGATTGGCGGAACGT-1,8
AAGCACCCTGCGTATC-1,7
AAGCATACTCTCCTGA-1,7
AAGCCGAAGCGGTTTA-1,8
AAGCCGCTTTACCTTG-1,3
AAGCGGAGTGCGCGCA-1,3
AAGCGGCGTCATGGGT-1,6
AAGCTAGATCGAGTAA-1,9
AAGCTCGTGCCAAGTC-1,1
AAGCTCTTTCATGGTG-1,7
AAGGAGCGGTTGGTGC-1,9
AAGGATCGATCGCTTG-1,6
AAGGATGAGGGACCTC-1,8
AAGGCAGGCTGTCTCC-1,9
AAGGCGCGTAAAGCTT-1,5
AAGGCTGTGCTCATCG-1,9
AAGGGACAGATTCTGT-1,8
AAGGTATCCTAATATA-1,1
AAGGTGATAAACCAGC-1,9
AAGTAGAAGACCGGGT-1,9
AAGTAGTGACGCGAGG-1,9
AAGTCAATTGTCGTCA-1,5
AAGTCTAGTAGCTGCC-1,3
AAGTCTTCTGTGGCCT-1,3
AAGTGACGACCGAATT-1,2
AAGTGCAAAGGTAGAC-1,8
AAGTGCCTTGACTGTA-1,6
AAGTGTTTGGAGACGG-1,7
AAGTTCAGTCTGCGTA-1,2
AAGTTCGGCCAACAGG-1,1
AATAACAACGCTCGGC-1,9
AATAACACTAGAACAA-1,2
AATAAGTCCTCGAGAC-1,3
AATACAATGTTTCAGG-1,8
AATAGAATCTGTTTCA-1,9
AATAGCAAGCCTCCTG-1,3
AATAGCTACCGCGTGC-1,3
AATAGTCGCGAGTCGG-1,5
AATATCGAATCAATGC-1,3
AATATCGAGGGTTCTC-1,8
AATATTGGAGTATTGA-1,9
AATCCAAGGGCCTGAG-1,6
AATCGCCTCAGCGCCA-1,8
AATCGCGCAGAGGACT-1,8
AATCGGGACACTACGA-1,8
AATCGTGAGCCGAGCA-1,0
AATCTATGCCGGAGCC-1,8
AATCTCTACTGTGGTT-1,9
AATCTGCGTTGGGACG-1,6
AATCTGGGTAGACCCT-1,3
AATGACAGCAATGTCT-1,7
AATGACGTAGGATGTC-1,9
AATGACTGTCAGCCGG-1,9
AATGATGATACGCTAT-1,3
AATGATGCGACTCCTG-1,3
AATGCAACCGGGTACC-1,8
AATGCACCAAGCAATG-1,8
AATGGTCCACCGTTCA-1,6
AATGGTTCTCACAAGC-1,9
AATTAAAGGTCGGCGT-1,5
AATTAGCGCTGCAGCG-1,9
AATTCATAAGGGATCT-1,8
AATTCTAGAGTTAGGC-1,9
AATTGAACGCTCTGGT-1,8
AATTTGGGACATAGTA-1,8
AATTTGGTTCCAAAGA-1,8
ACAAAGCATGACCTAG-1,7
ACAAATCGCACCGAAT-1,9
ACAAATGGTAGTGTTT-1,8
ACAAATTCAGATCTGA-1,8
ACAACGGTCCCTGCGA-1,8
ACAAGCAGTGCCTAGC-1,9
ACAAGCTATATGGAAG-1,8
ACAAGGAAATCCGCCC-1,5
ACAAGGACAAGAGGTT-1,2
ACAAGGATGCTTTAGG-1,6
ACAAGGCCTACCAGCC-1,6
ACAAGGGCAGGCTCTG-1,8
ACAATAGTCGTACGTT-1,2
ACAATCCATTTAAACC-1,9
ACAATGATTCTTCTAC-1,3
ACAATTTAGGAGGCTC-1,3
ACAATTTGAGCAGTGG-1,8
ACAATTTGGCCATATT-1,8
ACACAAAGACGGGTGG-1,9
ACACAAATATTCCTAG-1,3
ACACACCAGGACCAGT-1,6
ACACACTTTCTACACG-1,8
ACACCACATAATTAGC-1,6
ACACCCAGCATGCAGC-1,8
ACACCCGAGAAATCCG-1,8
ACACCTTAAGTAGGGC-1,9
ACACCTTACTACTTGC-1,9
ACACGAGACTCCTTCT-1,3
ACACGGCACTATGCAT-1,8
ACACGGGAACTTAGGG-1,8
ACAGATTAGGTTAGTG-1,3
ACAGCATAGAGCCAGT-1,9
ACAGCGCACCCGCAGC-1,5
ACAGGTGGAGGTGAGG-1,7
ACAGGTGTGTTGTTGC-1,9
ACAGTATACCGTGGGA-1,8
ACATAATAAGGCGGTG-1,8
ACATCAGCTGGGACGC-1,9
ACATCCTGGTAACTGT-1,3
ACATCGATCGTTTACC-1,7
ACATCGGTCAGCCGCG-1,6
ACATCGTATGCAATGG-1,8
ACATCGTTAACCTAGT-1,9
ACATCTCAACGCGTAA-1,3
ACATGGCGCCAAAGTA-1,8
ACATTAGTTTATATCC-1,9
ACCAAACACCCAGCGA-1,8
ACCAACACCACACACT-1,3
ACCAACCGCACTCCAC-1,7
ACCAAGAACGCGTGTC-1,9
ACCACAACTCAGAACA-1,8
ACCACAAGTTTCTATC-1,8
ACCACCAATGTAACAA-1,8
ACCACCCTCTCTTCTA-1,3
ACCACGTGCAGCTATA-1,1
ACCAGACCATAACAAC-1,3
ACCAGTGCCCGGTCAA-1,9
ACCAGTGCGGGAGACG-1,2
ACCATATCCGCAATAA-1,5
ACCATCCGCCAACTAG-1,9
ACCATCGTATATGGTA-1,8
ACCCAACGCCCGTGGC-1,3
ACCCACCTACATGCTC-1,8
ACCCATCTTGAGGGTA-1,8
ACCCGGAGCACCACAA-1,0
ACCCGGATGACGCATC-1,6
ACCCGGTTACACTTCC-1,4
ACCCTCCCTTGCTATT-1,9
ACCCTGGTAACGCCCT-1,8
ACCCTTCATCTGCGAA-1,8
ACCCTTGCCTGGGTCG-1,3
ACCCTTTAGTTCTCCA-1,8
ACCGAAAGGGCCCTGC-1,6
ACCGACTGAGTCCCAC-1,1
ACCGATATTTAATCAT-1,7
ACCGATGGTAGCATCG-1,8
ACCGCAATAACTGCCT-1,9
ACCGCGGTGGAAGTCG-1,8
ACCGGGCCTTTGTTGA-1,8
ACCGGTCTGAGTACGG-1,3
ACCGTTCCCGCTCTGA-1,3
ACCTAAGTACCTTTCA-1,4
ACCTAATCGACTTCCT-1,9
ACCTACAGTATGTGGT-1,3
ACCTCCGTTATTCACC-1,8
ACCTGCGTGTCATGTT-1,0
ACGAAATGGGCGGCAC-1,9
ACGACCCATGAGTTGC-1,0
ACGAGATATTTGCTTA-1,8
ACGAGTACGGATGCCC-1,8
ACGATACATAGAACTA-1,3
ACGATACCTATCCTGA-1,8
ACGATCATACATAGAG-1,1
ACGATCATCTTGTAAA-1,2
ACGATGCATATGTTAT-1,8
ACGATGGATCCGATGC-1,8
ACGCAATCACTACAGC-1,3
ACGCATAAATGACATG-1,3
ACGCATTCGTGAGTAC-1,9
ACGCCAGATGATTTCT-1,3
ACGCCGCTAGACGACC-1,6
ACGCGAAGTCAGACGA-1,9
ACGCGCTACACAGGGT-1,9
ACGCGGGCCAAGGACA-1,4
ACGCGTTTCTTAAGAG-1,3
ACGCTAGTGATACACT-1,8
ACGCTGTGAGGCGTAG-1,9
ACGGACTCTCAAAGCG-1,7
ACGGAGCGCAAATTAC-1,3
ACGGATGGTGCGGATA-1,7
ACGGCACTTGCTTGGG-1,7
ACGGCGACGATGGGAA-1,9
ACGGGAGTGTCGGCCC-1,7
ACGGGCGTATGCGACA-1,3
ACGTACAGATTTCTCT-1,8
ACGTAGATTGCTGATG-1,8
ACGTATTACTCCGATC-1,6
ACGTCTCGTTCCGGGA-1,9
ACGTGCGCCTCGTGCA-1,9
ACGTTAATGTCGAAGA-1,6
ACGTTAGATTTGCCCG-1,9
ACGTTCCGCGCTCCGT-1,8
ACGTTCGCAATCAATT-1,8
ACGTTCGTTCAGGAAA-1,0
ACGTTCTGTACAAGTC-1,7
ACGTTTAGTTGTGATC-1,6
ACTAAGGACGCACACC-1,1
ACTAATACGTCAGGCG-1,6
ACTACCAGCTCTCTGG-1,9
ACTACGCGTTAGAATT-1,0
ACTAGTTGCGATCGTC-1,0
ACTATATGCTGTGTTC-1,8
ACTATCCAGGGCATGG-1,6
ACTATTCGTCCGTGGT-1,9
ACTATTTCCGGGCCCA-1,7
ACTCAAGTGCAAGGCT-1,7
ACTCAATAAAGGCACG-1,8
ACTCAGACCTGCTTCT-1,3
ACTCCCGAATTCGTTT-1,8
ACTCCCGTAGACTAGG-1,3
ACTCCCTAATGCTAAA-1,7
ACTCCCTAGAATAGTA-1,9
ACTCGCGATCTGACGC-1,3
ACTCGTCAGTAATCCC-1,8
ACTCTCTGACTTAGGT-1,8
ACTCTCTTATACACGA-1,8
ACTCTTCAGCTCCCGC-1,3
ACTCTTGTATAGTAAC-1,8
ACTGAATGGCGAAAGT-1,9
ACTGATTTAGTGATTC-1,2
ACTGCCGTCGTAACTC-1,8
ACTGCGGACACACCGT-1,4
ACTGGCGAACCTGCGT-1,3
ACTGTACGATACACAT-1,9
ACTGTAGCACTTTGGA-1,9
ACTGTCCAGGATTATA-1,8
ACTGTCTTCTTTAGAA-1,1
ACTTACCGGGCGCGCA-1,3
ACTTACGCATCCACGC-1,7
ACTTAGTACGACAAGA-1,3
ACTTATACTTACCCGG-1,8
ACTTATTAGGATCGGT-1,1
ACTTATTTATGTGCCA-1,6
ACTTCAGGCTGATCCC-1,9
ACTTCCATGCGGGACA-1,6
ACTTCGCCATACGCAC-1,3
ACTTCGCTAGCGAGTG-1,1
ACTTGACTCCCTCTTT-1,9
ACTTGGGACCCGGTGG-1,9
ACTTGTAGTCCCTTCA-1,9
ACTTTACCCTCATGAA-1,6
ACTTTCCTATAGCTTC-1,8
ACTTTGACTGCATCCT-1,8
ACTTTGTCGACGCACT-1,4
AGAACCCAGCGTGACA-1,3
AGAACGTGGTACATTC-1,6
AGAAGAGCGCCGTTCC-1,6
AGAAGGTTGCCGAATT-1,1
AGAAGGTTGTAGGTCG-1,7
AGAATAAATCTTCAGG-1,5
AGAATGCGGGTTCGGA-1,8
AGAATTATGGATTCGA-1,1
AGACCATGGGATACAA-1,1
AGACCCACCGCTGATC-1,9
AGACCCGCCCTCCTCG-1,9
AGACCGGGAAACCCTG-1,6
AGACGAAGTGCCGGTC-1,8
AGACGACGATGCCGCT-1,7
AGACGGGCCGATTTAA-1,9
AGACTAGCCTTCCAGA-1,8
AGAGAACCGTCTAGGA-1,8
AGAGATCTCTAAAGCG-1,9
AGAGCAGTTATGAGAC-1,2
AGAGCGCTTGTAACGG-1,1
AGAGCGGGCTAATCAT-1,8
AGAGCGTACAAGCTCG-1,9
AGAGGGACAATTGTCC-1,3
AGAGTAAACTTCACTA-1,8
AGAGTATAGTGTTACG-1,8
AGAGTTAGAGACCGAT-1,2
AGAGTTGCAGGCCTCC-1,3
AGATAACTTCAGGGCC-1,9
AGATACCAGCACTTCA-1,8
AGATACCGGTGTTCAC-1,6
AGATACGACTTCATAT-1,8
AGATACTCAAGATCGA-1,9
AGATCGTGCATAAGAT-1,6
AGATCTCAGGTGTGAT-1,3
AGATGACTCGCCCACG-1,8
AGATGAGGGTTGCGAT-1,8
AGATGATGGAGTCTGG-1,8
AGATTATAGGACGTTT-1,8
AGATTCAAGCGGGTCG-1,5
AGCAAAGGCCGCTAGT-1,7
AGCAACATATCTTATT-1,9
AGCACCAGTACTCACG-1,9
AGCACTACCGGCCTGT-1,5
AGCACTTAAGGACGCC-1,8
AGCATCGTCGATAATT-1,8
AGCCACAGGTTACCCG-1,6
AGCCACTCCCGTGCTT-1,8
AGCCCATACATGTAAG-1,8
AGCCCGGTAGCCTGTA-1,5
AGCCCTAAGCGAAGTT-1,1
AGCCCTGTCGCACCGT-1,8
AGCCCTTCTAATCCGA-1,6
AGCCCTTGGACATCCC-1,7
AGCCGCAAATTCAAAT-1,9
AGCGACAGGAACGGTC-1,7
AGCGACATCCCATTCA-1,2
AGCGACCAACGATATT-1,8
AGCGCGGGTGCCAATG-1,8
AGCGCTAGAGCGATGT-1,3
AGCGCTTATGGGCAAG-1,2
AGCGGGAAGGGTCCAT-1,7
AGCGGTTGCCGCTCTG-1,8
AGCGTGGTATTCTACT-1,6
AGCTAAGTACGCAGGC-1,6
AGCTAGAAGCAGAAGT-1,8
AGCTATTTAATCCAAC-1,9
AGCTCCTTCGCACATC-1,0
AGCTCGTTGATGGAAA-1,3
AGCTCTAGACGTTCCA-1,6
AGCTCTTCCCAGTGCA-1,8
AGCTCTTCGTAACCTT-1,6
AGCTCTTTACTCAGTT-1,9
AGCTGAAGTAAACCAA-1,2
AGCTGTAACCTCAATC-1,0
AGCTTGATCTTAACTT-1,2
AGGACAGTCGAATCCC-1,6
AGGACATCGCACGTCG-1,9
AGGACGACCCATTAGA-1,1
AGGACGCTCGATGTTG-1,8
AGGAGACATCCACAGT-1,8
AGGAGAGTCTGGCTAC-1,9
AGGATAAAGTCGGGAT-1,0
AGGATATAGGGATTTA-1,3
AGGATTGCTTACGACA-1,8
AGGCACGTGACTGTCC-1,0
AGGCAGATGCGTAAAC-1,2
AGGCAGGGAGCGTACT-1,0
AGGCATTGTCGTAGGG-1,8
AGGCCACATTGGTTAC-1,3
AGGCCACCCGTTATGA-1,8
AGGCCCATTGTACAGG-1,8
AGGCCCTAGAACGCCA-1,9
AGGCCTGAGAATCTCG-1,2
AGGCGATAACTGGCGT-1,0
AGGCGTCTATGGACGG-1,8
AGGCTATGGTTAGCTT-1,9
AGGCTTCCCGAAGAAG-1,3
AGGCTTGCTAGACACC-1,6
AGGGAAACGAGGTACT-1,8
AGGGACCGGCTGCGTT-1,6
AGGGAGACATACTTCG-1,8
AGGGCAGCGGCGTGGT-1,1
AGGGCGAGCAGCTGAT-1,6
AGGGCGTGATCGGCTA-1,6
AGGGCTGCAGTTACAG-1,5
AGGGTCAGTAACCCTA-1,3
AGGGTCGATGCGAACT-1,2
AGGGTGCTCTCGAGGG-1,8
AGGGTGGATAGTGCAT-1,8
AGGGTTCCCTTTGGTT-1,2
AGGGTTTAGTTCGGGA-1,1
AGGTAACCTCCTATTC-1,5
AGGTACGATATTGCCA-1,4
AGGTAGGTACAAAGCT-1,9
AGGTATAATTGATAGT-1,8
AGGTATGCGGACATTA-1,4
AGGTCAGGTGAGAGTG-1,0
AGGTCGCGGAGTTACT-1,3
AGGTGTATCGCCATGA-1,9
AGGTTACACCATGCCG-1,4
AGGTTGAGGCACGCTT-1,8
AGGTTTCACACACCTT-1,4
AGTAACGTTCATCCTG-1,3
AGTAATGTCTTGCCGC-1,9
AGTACATCATTTATCA-1,3
AGTACCTTCGAGTGCT-1,8
AGTACGGCCCGTATCG-1,9
AGTACGGGCACCTGGC-1,3
AGTACGTGGCCTGTCT-1,6
AGTAGCTAGACGCCGA-1,3
AGTAGGAAGGAAGTTG-1,9
AGTAGGTAACATACAT-1,8
AGTATAATACTAGGCA-1,8
AGTCAACACCACCATC-1,4
AGTCAAGATGACACTT-1,2
AGTCAGCCACCGCCTG-1,1
AGTCCATTGGCTGATG-1,8
AGTCCCGCCTTTAATT-1,3
AGTCCCTCGCAGAAAG-1,8
AGTCGACGGTCTCAAG-1,4
AGTCGGCCCAAACGAC-1,9
AGTCGGCTCAACTTTA-1,0
AGTCGGTTGCGTGAGA-1,8
AGTCGTATAAAGCAGA-1,7
AGTCGTGGGCATTACG-1,7
AGTCTAAAGTATACTC-1,3
AGTCTCACAAGACTAC-1,0
AGTCTTCTCCTCAAAT-1,4
AGTGAACAAACTTCTC-1,6
AGTGAAGATGGTGTCC-1,3
AGTGACCTACTTTACG-1,4
AGTGAGACTTCCAGTA-1,8
AGTGAGCCTCGCCGCC-1,4
AGTGAGGGTTTCTGAC-1,2
AGTGATAACCTGCGCG-1,7
AGTGATATGAGTAGTT-1,7
AGTGATTCAAGCAGGA-1,3
AGTGCGTAGCTCGTAA-1,4
AGTGCTAAACACAGCA-1,7
AGTGCTTGCACGAATA-1,8
AGTGGCGGCAATTTGA-1,3
AGTGGCGTCTGAAGGT-1,6
AGTGGCTCCGTCGGCC-1,9
AGTGGTTGCGTATAGG-1,6
AGTGTATTGCGCATTG-1,2
AGTGTGGTCTATTGTG-1,5
AGTTAAACACTTGCGA-1,8
AGTTAAGCGGTCCCGG-1,6
AGTTACCGCACATGGT-1,3
AGTTACTCTATCGTGG-1,8
AGTTCCTACAGAATTA-1,8
AGTTCCTATTTATGTT-1,8
AGTTTATGTAAAGACA-1,3
AGTTTCGCAGGTCGGA-1,8
AGTTTGCACCTGCCTC-1,0
AGTTTGGCACGGGTTG-1,9
AGTTTGGCCAGACCTA-1,7
ATAAACGGACCCGTAA-1,8
ATAAAGGCTCGGTCGT-1,2
ATAAAGGTCAAGTACG-1,3
ATAAATATTAGCAGCT-1,9
ATAACGCCGGAGGGTC-1,9
ATAACGGAGTCCAACG-1,8
ATAACGTTACCTCCAC-1,3
ATAAGCAAACACCGAG-1,3
ATAAGGTGGAGAACAT-1,9
ATAAGTACCCGATTGT-1,3
ATAAGTAGGATTCAGA-1,8
ATAAGTAGGGCGACTC-1,3
ATAAGTTACCGCGACG-1,5
ATAATAGCTGTTGAAT-1,9
ATAATAGTGTAGGGAC-1,5
ATAATCTTGGAGAACC-1,7
ATACCACGGGCAACTT-1,9
ATACCAGGCTAATAGA-1,8
ATACCGTCATCCATAA-1,3
ATACGAAGGCTTTCCA-1,4
ATACGCCGGCGAAACC-1,9
ATACGGGTTTCGATTG-1,5
ATACGGTGAAGATGCA-1,8
ATACGTCCACTCCTGT-1,9
ATACTAGCATGACCCT-1,9
ATACTGCCTTACACCG-1,7
ATACTTGTTCTCGAGC-1,9
ATAGACAACGGGACCT-1,8
ATAGACGAAGAGAAAG-1,9
ATAGAGTACTGGGACA-1,9
ATAGAGTTATCAACTT-1,3
ATAGGAATCTAAGCTT-1,3
ATAGGCGGCTATAGAA-1,9
ATAGGCTAGCTTCGCA-1,9
ATAGGGATATCCTTGA-1,2
ATAGGTTGGGCAGATG-1,8
ATAGTCTTTGACGTGC-1,8
ATAGTGAAGCGTTCTC-1,0
ATAGTTCCACCCACTC-1,9
ATATAACACGGGCGCA-1,7
ATATCAACCTACAGAG-1,7
ATATCGGTAGGGAGAT-1,5
ATATCTCCCTCGTTAA-1,8
ATATCTTAGGGCCTTC-1,1
ATATGTCTCCCTAGCC-1,8
ATATGTGCACAAACCA-1,1
ATATTCAGTTAAACCT-1,7
ATATTCCACATAGTGA-1,9
ATATTCCCACAGGTCA-1,5
ATATTGCTGTCAAAGT-1,9
ATATTGGAGAGGCCTT-1,0
ATATTTAACCCTCAAG-1,8
ATCAAACACTGTTCCA-1,8
ATCAAACGAAGGTTTG-1,4
ATCAATCTGGGCTGCA-1,4
ATCACATTAGAATATC-1,1
ATCACGTGCTAATTAA-1,4
ATCACTTCATCCTCGC-1,1
ATCAGACGGCACGCCG-1,1
ATCAGGTAGCTGACAG-1,1
ATCAGGTCGCCATTGC-1,1
ATCAGTAGGCAGGGAT-1,8
ATCATCCAATATTTGT-1,8
ATCATGGACTACCGAC-1,8
ATCCAACGCAGTCATA-1,6
ATCCAATGGAGGGTCC-1,9
ATCCAATGGTACCGAA-1,6
ATCCACATCGACAGAA-1,0
ATCCACGCTAAATGTT-1,3
ATCCACTTTCAGACTA-1,3
ATCCAGAGCAACAACC-1,9
ATCCAGGATTCGTGAA-1,8
ATCCTACCTAAGCTCT-1,4
ATCCTGAATCGCTGCG-1,9
ATCCTGCGTGGAATGG-1,5
ATCCTTCTGAAAGAAC-1,3
ATCGACCCAATACAGA-1,9
ATCGACTCTTTCCGTT-1,8
ATCGCACGCCGGGAGA-1,9
ATCGCCAGTCAACATT-1,6
ATCGCTGCGTGCAGCA-1,8
ATCGCTTTACGTCTCA-1,9
ATCGGAGACAGACGGC-1,7
ATCGGCAAGCAGTCCA-1,1
ATCGGTTACCTAGTAA-1,6
ATCGTATTCCGAGAAC-1,3
ATCGTTCACTTTCGCC-1,6
ATCTCCCTGCAATCTA-1,9
ATCTCGTGAGCGAAAC-1,8
ATCTGCACCTCTGCGA-1,1
ATCTGGGCTGTTCTTG-1,0
ATCTGGTTAAGACTGT-1,3
ATCTGTAATTGTACCC-1,8
ATCTTGACCTGCAACG-1,8
ATCTTGACTTGTCCAA-1,3
ATCTTTCGTATAACCA-1,8
ATGAAGCCAAGGAGCC-1,9
ATGAAGTGGACCCAGC-1,3
ATGACGCCGGCTCTAA-1,9
ATGACGCGTTCTATCC-1,4
ATGACTATGCGACATT-1,8
ATGAGGAGTGTTAATC-1,9
ATGAGGGCAGCGGCTA-1,9
ATGATCGGGAATAGAC-1,3
ATGATGCAATGGTACA-1,5
ATGCACTACCGCATTG-1,9
ATGCATGATCCAGGAT-1,5
ATGCCAATCGCTCTGC-1,8
ATGCCATTTGCGACCA-1,8
ATGCCGGTTGATGGGA-1,8
ATGCGACAATTGGTCC-1,9
ATGCGACAGTCCCATT-1,3
ATGCGAGTCCCACCAC-1,8
ATGCTCAGTGTTGCAT-1,8
ATGCTCTGGCGCGGTA-1,7
ATGGAACCTTTGCACA-1,5
ATGGAGCAGGCCGTGA-1,3
ATGGATCCGGCGTCCG-1,8
ATGGATTGACCAAACG-1,6
ATGGCAGCCGAGAAAC-1,9
ATGGCGGAATAGTCGC-1,8
ATGGCTGGAAATGGCC-1,6
ATGGGAACGGAAGCGG-1,2
ATGGGCCTCGGCCTCT-1,6
ATGGTCGCGTGGTTTC-1,9
ATGGTTACGAAACATG-1,3
ATGTAAGGCTGCTCTT-1,6
ATGTGAAAGCCTAATG-1,7
ATGTGCATCCGACGCA-1,8
ATGTGGACATCTTGAT-1,6
ATGTTACGAGCAATAC-1,3
ATGTTCGTCGACCCAC-1,8
ATGTTTCGGCCCGGAG-1,8
ATTAAACATGCGGACC-1,7
ATTAATACTACGCGGG-1,9
ATTAATGAACCAGTCG-1,3
ATTAATTCGGTCACTC-1,6
ATTACAACTACCGGCC-1,8
ATTACATGTCAGTCTT-1,7
ATTACCACACTGCCTG-1,8
ATTACGACTCCACAGT-1,8
ATTACGCGCTGGCAGG-1,1
ATTACTAGCCTCTTGC-1,9
ATTACTTACTGGGCAT-1,6
ATTAGATTCCTCAGCA-1,8
ATTAGATTGATAGCGG-1,6
ATTAGGCGATGCTTTC-1,9
ATTATACTTTGCTCGT-1,2
ATTATAGCTACTTTAC-1,3
ATTATCTCGACAGATC-1,3
ATTATGCCATAGGGAG-1,8
ATTATTCAGAGTCACT-1,0
ATTCAGGACCTATTTC-1,9
ATTCAGTAGCAGGGTC-1,8
ATTCATATACTGTCCA-1,5
ATTCATCGTTGAGGCA-1,7
ATTCCCACATAAACAA-1,8
ATTCCTAAGACGTGGA-1,8
ATTCCTCCGCCAGTGC-1,2
ATTCGACGCCGGGCCT-1,9
ATTCGCAGAGGACACT-1,3
ATTCGTGCTATCTCTT-1,8
ATTCTCGTCTCTTTAG-1,8
ATTCTGAGTATGAACT-1,8
ATTCTTCGTACTTATG-1,4
ATTGAAGATCTTAGTG-1,8
ATTGACCGGCGATGAC-1,8
ATTGACGTAACTCGGT-1,8
ATTGATGAGTCCTAAC-1,4
ATTGCCTTTATGTTTG-1,6
ATTGCTGCTCCTCCAT-1,9
ATTGGGAATATCTTGG-1,8
ATTGGGAGTTCTGTAA-1,3
ATTGTACAACTCGGCT-1,6
ATTGTCGCAATACCTT-1,5
ATTGTGACTTCGCTGC-1,8
ATTTAACTCGTATTAC-1,8
ATTTACAGTTTACTGG-1,6
ATTTACTAAGTCCATT-1,2
ATTTCATTATTTCGCG-1,5
ATTTGCGCGAGTAGCT-1,4
ATTTGTCTTGGGAGCT-1,9
ATTTGTTCCAGGGCTC-1,6
CAAACCAGGTCTGCAT-1,6
CAAACGAGTATCGCAG-1,0
CAAACGGTCGCACTTT-1,2
CAAACGTGGTCTTGCG-1,1
CAAACTACGATAGAGA-1,8
CAAACTATTGAGCTTC-1,9
CAAACTCGCGACGCCG-1,8
CAAAGGTCATCTGAAA-1,8
CAAAGGTTAAATTCAG-1,3
CAAATCTCTCACAAGG-1,9
CAAATGTCCTTCCGTG-1,2
CAAATTGGATTATGCC-1,3
CAAATTGTCAGCAAGC-1,6
CAACACATCTCCTGCC-1,3
CAACCTGAACCTGCCA-1,3
CAACGACCCGTTTACA-1,8
CAACGGTTCTTGATAC-1,9
CAACGTGGTGGAGTCT-1,0
CAACTATATCGAATGC-1,8
CAACTCCAACGTTTAG-1,3
CAACTCCGTAACTTGC-1,8
CAACTCCTTGATCCCG-1,8
CAACTGAGGGTATGAC-1,5
CAAGAAACCCTAAACT-1,1
CAAGACTCAGAAGCGC-1,3
CAAGAGGGCGGAGTAC-1,9
CAAGATATTATAACGT-1,3
CAAGCAACGTCGGAGT-1,4
CAAGCACCAAATGCCT-1,6
CAAGGATCGCATGTTC-1,4
CAAGGTCCTATAGGCT-1,3
CAAGTGTGGTTGCAAA-1,5
CAATAAACCTTGGCCC-1,6
CAATACGAGAGTCTGA-1,9
CAATACGCTCTGAGGC-1,8
CAATATGTAGATTTAC-1,6
CAATCCCTATACCAGC-1,8
CAATGAGGTTCGACTA-1,8
CAATGGAATCTACATA-1,8
CAATGGATCTCTACCA-1,8
CAATGTGCCAACCCTT-1,2
CAATTAAGGGTGATGA-1,1
CAATTTCGTATAAGGG-1,7
CACAAGAAAGATATTA-1,2
CACAATGAGCTGCTAT-1,4
CACACAGCTTGCGCTC-1,8
CACACAGGGATAGATT-1,9
CACACGCGCTGTCTTA-1,8
CACACGTTTCAATGGG-1,6
CACACTTGTATTGCGA-1,3
CACAGCACCCACGGCA-1,8
CACAGCTAGGGAGTGA-1,9
CACAGTTCGCTTCCCA-1,0
CACATATTAGCAGGAT-1,9
CACATCTCACCGACGA-1,7
CACATGATTCAGCAAC-1,2
CACATTCTTTCGATGG-1,8
CACATTTCTTGTCAGA-1,8
CACCACGCCACACAGA-1,3
CACCATCGGAGGAGAC-1,5
CACCATGATCGCAAAG-1,3
CACCCAAATCTTATGT-1,8
CACCCACACGTCACCC-1,5
CACCCACGAGGCAATT-1,8
CACCGATACACCGAGC-1,8
CACCGCCAGAAGGTTT-1,8
CACCGCCGACCAGCGA-1,8
CACCGCGTCCACTCTA-1,8
CACCGGAGATATCTCC-1,3
CACCGTTGCGCGATAT-1,0
CACCTAATAGAGTCGT-1,5
CACCTAATCAGTTTAC-1,6
CACCTCGATGGTGGAC-1,8
CACCTTGCGAAACTCG-1,8
CACCTTGGCGCCTTTG-1,2
CACGAAAGTTAGTCCC-1,9
CACGACGTAATAGTAA-1,1
CACGCACAGCGCAGCT-1,8
CACGCAGCGAGGCTTT-1,8
CACGCGGAACTGTTGC-1,6
CACGGACGTGGATGGC-1,8
CACGGCGCGCCAAAGG-1,8
CACGGGATTGAGGGTT-1,8
CACGTCGGCAACCTCT-1,5
CACGTCTATGATGTGG-1,6
CACGTTCGTGCTCTAG-1,8
CACTAAAGTTGCCTAT-1,9
CACTACTCAGTTCTGT-1,1
CACTCAAGAGCTATGG-1,6
CACTCAGCTCTTGAGG-1,9
CACTCCTCTCGGTCGG-1,9
CACTCGAGCTGAACAA-1,9
CACTCGGTTAGGAGGA-1,8
CACTCTTCTGCTAGCC-1,0
CACTGTCCAAGTGAGA-1,5
CACTTAATCAGACGGA-1,8
CACTTCGCCACAGGCT-1,8
CAGAATATTCGTTATC-1,3
CAGACCTGTAAGTGTT-1,4
CAGACGAACCTGATAC-1,9
CAGAGACGGTCACCCA-1,9
CAGAGCATGAGCTTGC-1,5
CAGAGTGATTTAACGT-1,9
CAGATACTAACATAGT-1,8
CAGATCATTTAAAGTC-1,3
CAGCAGCCCGTTCCTT-1,9
CAGCAGTCCAGACTAT-1,0
CAGCAGTCTGTGCTGC-1,7
CAGCCGGGCCCTCTAT-1,6
CAGCCTCCTGCAGAGG-1,9
CAGCCTCTCCTCAAGA-1,8
CAGCGATTCCCTTCAA-1,6
CAGCGCCAACACGATA-1,8
CAGCTCACTGAGACAT-1,8
CAGCTCGACAAGTTAA-1,8
CAGCTCGTGCTTGTGT-1,9
CAGCTTAGTAGGTAGC-1,8
CAGGAAGACTTTATAT-1,9
CAGGACAGCTGCCCTT-1,1
CAGGATATATCGTTGT-1,6
CAGGCAGTCTTACCAG-1,3
CAGGCCGTTTGGGTGT-1,8
CAGGCGCACGGTGGTC-1,0
CAGGCGCCATGCTAGG-1,9
CAGGTTTAGTACTACA-1,3
CAGTAACTATTTATTG-1,3
CAGTAATCCCTCCCAG-1,0
CAGTACATTCTCTAAA-1,3
CAGTAGCCCACGCGGT-1,8
CAGTCCAACGCCTTCT-1,3
CAGTCGAGGATGCAAT-1,3
CAGTCGGCCTAGATAT-1,0
CAGTCTGTATACTGGG-1,5
CAGTGAATAAATGACT-1,5
CAGTGTCCGCAGAATG-1,7
CAGTTCAAATTGACAC-1,8
CAGTTCCGCGGGTCGA-1,6
CATAACGGACAGTCGT-1,3
CATAAGCTCTCCGTCT-1,9
CATACAAAGCCGAACC-1,3
CATACCCGTACCCAGT-1,9
CATACGGCGTCTGGGC-1,4
CATACTATGTAATTGT-1,8
CATACTTAGGCAATAC-1,4
CATAGCCGCCCGGGAT-1,8
CATAGCGTTGCCCACC-1,0
CATAGTACATTGAGAG-1,8
CATAGTAGCATAGTAG-1,8
CATAGTCAAATACATA-1,7
CATAGTCCACAAGAAC-1,7
CATATACTACTGATAA-1,5
CATATAGGTACAGTCA-1,5
CATATTATTTGCCCTA-1,2
CATCAAACTGGCGCCC-1,8
CATCATCTACCCGGAC-1,2
CATCGCCCGCGGCCAA-1,8
CATCGGACGGGTTAAT-1,5
CATCTACCCGAGAACG-1,3
CATCTAGTGAAGGGAA-1,8
CATCTATCCCGTGTCT-1,8
CATCTGCAGGATCATT-1,3
CATCTTACACCACCTC-1,6
CATGAACCGACATTTG-1,2
CATGAACCTCTTATCA-1,3
CATGACTTCGCTGAAT-1,8
CATGAGATGCACTCTC-1,7
CATGATGCACAATTCT-1,2
CATGATGGAAGTTAGC-1,8
CATGCACGTGTTACTG-1,5
CATGCATGGAGACCCT-1,8
CATGCCAACTCGCAAA-1,6
CATGCGACCAGTTTAA-1,3
CATGCGTTAGACAGAA-1,9
CATGCTGGCTCCAATT-1,1
CATGGAAATGGGACCA-1,3
CATGGCAGGAAGATCG-1,8
CATGGGTCGGGTGTGG-1,8
CATGGTAAGTAGCGTT-1,8
CATGGTCTAGATACCG-1,2
CATGTAGGAGCGCCAA-1,8
CATGTCTCATTTATGG-1,9
CATTACATAGATTGTG-1,3
CATTACGTCGGCCCGT-1,3
CATTATGCTTGTTGTG-1,3
CATTCACTGACAGCTA-1,3
CATTCCCATTCCGTCG-1,3
CATTGATGAACACGCC-1,3
CATTGCGAAATGGGCG-1,3
CATTGCGGGTCAATTC-1,8
CATTTAGCGGACCATG-1,8
CATTTATCGTTCAAGA-1,2
CATTTCTAGCAGACTA-1,5
CATTTGAGTGGTACGT-1,9
CCAAACAGAACCCTCG-1,8
CCAAATAACAAGATTC-1,0
CCAACGATGCACTGAT-1,6
CCAACGCTTGCCAGGG-1,8
CCAACTTGATAGATCC-1,9
CCAAGAAAGTGGGCGA-1,0
CCAAGACTTCTGCGAA-1,8
CCAAGCGTAACTCGTA-1,6
CCAAGGAACAGAGAGG-1,8
CCAATAGTGCCGTCGA-1,9
CCAATCGGTAGATCGA-1,8
CCAATGTCACAGCAAG-1,1
CCAATTACGGGTCGAG-1,8
CCAATTGAATGTTAAT-1,5
CCACAATGTACGTCTT-1,3
CCACACTGAGATATTA-1,1
CCACAGTACCCATCCT-1,5
CCACCAACTTTACTGT-1,6
CCACCCAAGGAAAGTG-1,5
CCACGAATTTAACCTC-1,8
CCACGAGAAGAGAATC-1,8
CCACGGAGCCATAAGA-1,0
CCACGGTGCCCGGTAG-1,3
CCACGTAAATTAGACT-1,8
CCACTATCCGGGTCAC-1,3
CCACTGGTGGCTGGTT-1,9
CCAGAAAGCAACTCAT-1,3
CCAGAGACAAAGCCGG-1,8
CCAGATAGTTGAGTGA-1,2
CCAGATGTAAATGGGT-1,8
CCAGCCTGGACCAATA-1,6
CCAGCGGGATCACCAG-1,3
CCAGCTGATGGTACTT-1,9
CCAGCTTCCGCCCGCA-1,1
CCAGGCTGGCGTCTGA-1,0
CCAGGGACGTGGCCTC-1,9
CCAGTAGTCTGATCCA-1,6
CCAGTCAAATCTCTTA-1,9
CCAGTCTAGACGGCGC-1,8
CCATAAACAACCCGAC-1,9
CCATACCTTTACTTGT-1,4
CCATACTCGCCTCTCC-1,3
CCATAGGTTGGCGTGG-1,8
CCATCCATACCAAGTC-1,9
CCATCGCAGTTAAACT-1,9
CCATCTCACCAGTGAA-1,6
CCATGCCTGTTTAGTA-1,8
CCATGCTCTGCAGGAA-1,6
CCATGGCCCTTGTACC-1,9
CCATTAGCGATAATCC-1,6
CCATTCCCTGCCCACA-1,5
CCATTGTTTCCTCCAT-1,8
CCCAAACATGCTGCTC-1,8
CCCAACATACGTCGCG-1,9
CCCAACCACACTAACA-1,2
CCCAATGAGATTTGCA-1,0
CCCAATTTCACAACTT-1,9
CCCAGAGGAGGGCGTA-1,3
CCCAGTTAAGGCGCCG-1,8
CCCGAAGTTTCGCGAA-1,0
CCCGACCATAGTCCGC-1,6
CCCGAGTTTCTCCGTA-1,3
CCCGATAGCCTCGCCT-1,1
CCCGCAGCGCGAACTA-1,9
CCCGCAGGGCCCAAAG-1,9
CCCGCCATGCTCCCGT-1,5
CCCGCGCAATGCACCC-1,3
CCCGGTGGAAGAACCT-1,8
CCCGTAAGTCTAGGCC-1,9
CCCGTCAGCGTCTGAC-1,8
CCCGTGAGGGCGGTGA-1,7
CCCTCATTCTGGAATT-1,5
CCCTGAAATGAGTTGA-1,4
CCCTGACTAACAAATT-1,9
CCCTGCCCAATCCGCT-1,9
CCCTGCGCTACGCATA-1,2
CCCTGGTATGGGCGGC-1,8
CCCTTTGACAGGTCTT-1,9
CCGAAAGTGGTGAGCA-1,6
CCGAACACTGGGCCTC-1,6
CCGAACCTTCCCGGCC-1,9
CCGAAGGGCGTACCGC-1,3
CCGAAGTATATTGTTC-1,8
CCGACAAAGGGAGTGC-1,9
CCGACGTAAACACAAC-1,8
CCGACTCGCATAGTCT-1,8
CCGAGAAGTCGCATAA-1,8
CCGAGCTGTGCTTGTC-1,3
CCGAGGGATGTTAGGC-1,3
CCGATCTCAACCTTAT-1,9
CCGATCTTAAGAGGCT-1,3
CCGATTCGAGGGACCC-1,9
CCGCACACGAACGTGT-1,8
CCGCACGTGACCTCGG-1,2
CCGCCGGTCAACACAC-1,3
CCGCCGTTGAGGATAA-1,9
CCGCCTGCGAATTGGT-1,8
CCGCCTTGCGATGTCG-1,9
CCGCGATTTGGTAGGT-1,8
CCGCGGAATGCGTCAC-1,5
CCGCGGGTACGAAGAA-1,5
CCGCGTAGGTAAGGGC-1,9
CCGCTATCAGCACCAG-1,9
CCGCTGGTGCCATTCA-1,6
CCGCTTACCTCACTCT-1,4
CCGCTTGCTGACATGG-1,3
CCGGAAGTTATCAGTC-1,1
CCGGAATGGTTTCAGT-1,8
CCGGAGGTCTTATGGT-1,8
CCGGCACGACCGTTTC-1,6
CCGGCGCATATTGGAT-1,8
CCGGGACCCGCAGAGA-1,3
CCGGGCTGCTCCATAC-1,8
CCGGGTTCGAGGTTAC-1,9
CCGGTAATGGCTAGTC-1,4
CCGGTTTGTAATTGTG-1,5
CCGTAAGTTGGTCCCA-1,4
CCGTATTAGCGCAGTT-1,3
CCGTGAGGCATTCATG-1,4
CCGTGCCCATGACGGC-1,8
CCGTGGAACGATCCAA-1,3
CCGTGTTAAATTCCAT-1,7
CCGTTACGTTAGAACA-1,9
CCGTTCCGAATCTCGG-1,9
CCTAAAGGCTGACGCT-1,8
CCTAAATTAACGGTTC-1,5
CCTAACCCAAACAAGT-1,9
CCTAACTAAGGCTCTA-1,1
CCTACAAGTCCGGAAT-1,8
CCTACATTCACAGACG-1,4
CCTACGCGACCTTACA-1,5
CCTACGGCTCAGTCGA-1,8
CCTACTGCGGCGGCCA-1,8
CCTACTGCTTACACTT-1,8
CCTAGGCGTAGCGATC-1,9
CCTAGTTAGTCGCATG-1,9
CCTATACCGTCCTGTC-1,3
CCTATCTATATCGGAA-1,6
CCTATGAAGTGGTGCC-1,4
CCTATGGGTTACCGTC-1,8
CCTATGTCCACTCCAC-1,7
CCTCACCAATCTTGAC-1,8
CCTCACCTGAGGGAGC-1,2
CCTCACCTTAGCATCG-1,5
CCTCCCGACAATCCCT-1,8
CCTCCGACAATTCAAG-1,8
CCTCCTGAGCCCACAT-1,8
CCTCCTGTTGTGTCGT-1,1
CCTCGAAGTGGACGGG-1,8
CCTCGCCAGCAAATTA-1,6
CCTCGCGCGATATAGG-1,2
CCTCGGACCGGGATAG-1,6
CCTCGGATGCTACCTG-1,8
CCTCGTTACGCCTGTT-1,3
CCTCTAATCTGCCAAG-1,9
CCTCTCTCCCATCTAG-1,9
CCTCTGGCCTAGACGG-1,8
CCTCTGTACTATTCTA-1,0
CCTGAACGATATATTC-1,8
CCTGAATATTTACATA-1,2
CCTGACCACCGATGGT-1,2
CCTGCCCGTTGTCTAG-1,3
CCTGCGTTCTACGCTT-1,6
CCTGCTATTTGAGAAG-1,9
CCTGGAAACGTTCTGC-1,6
CCTGGCTAGACCCGCC-1,6
CCTGTAAGACATGATA-1,9
CCTGTACTCACGCCCA-1,6
CCTGTCACCCGGGCTC-1,4
CCTGTCCCTCACGTTA-1,6
CCTGTCGCCCGTAAAT-1,5
CCTGTGAAACCGTAAC-1,9
CCTGTGCGGATTGTAA-1,5
CCTTCTCAGCGTTCCT-1,9
CCTTCTTGATCCAGTG-1,6
CCTTTCAATGAAGAAA-1,8
CGAAACATAGATGGCA-1,8
CGAAACGCAATTCATG-1,6
CGAACAGTATGGGCGT-1,0
CGAACATAGTCAGAAA-1,3
CGAACCCGCATGCGTC-1,9
CGAACGCCCAGTGCCG-1,3
CGAAGACGGTGAGTGC-1,8
CGAAGCTATAAATTCA-1,8
CGAAGTTGCTCTGTGT-1,2
CGACAATTTGATCTAA-1,8
CGACACCGCTTAAGGA-1,3
CGACACGCTCCGACAG-1,9
CGACAGTTCGCGTTAT-1,9
CGACATGCGATCTTCT-1,8
CGACTCAGGATGTTAT-1,8
CGACTCGGTACACGGT-1,3
CGACTTTGTATAGCCT-1,3
CGAGACCCTAGAGTGT-1,9
CGAGAGATGTGAACCT-1,3
CGAGAGCGCGTAGATA-1,0
CGAGAGCTTTCACTAC-1,6
CGAGATTTCGCTCGGG-1,5
CGAGCACTTCAAGTTT-1,8
CGAGCGTTGATCAGCC-1,9
CGAGCTGGGCTTTAGG-1,6
CGAGGAGCTTCCATAT-1,3
CGAGGATCGGGAACGA-1,3
CGAGGCTAAATATGGC-1,3
CGAGGGACTGCGGTCG-1,9
CGAGTACTAAAGAGGA-1,7
CGAGTGAAGGTACCAG-1,4
CGAGTTCTGTCCCACC-1,9
CGAGTTTATCGGACTG-1,2
CGATAATACTCAGGTT-1,6
CGATACCTCGCGGACA-1,8
CGATAGTCGTACTGCA-1,3
CGATCATTAGAGGCAC-1,3
CGATCCGACCCAGTGC-1,5
CGATCTGTTGGAGGAC-1,7
CGATGGACCCTACGCC-1,8
CGCAAACACGAGTTAC-1,9
CGCAATTACTTTCGGT-1,1
CGCAATTAGGGTAATA-1,9
CGCAATTCTACAATAA-1,5
CGCACATGTCCACTAC-1,1
CGCACGTGCGCTATCA-1,8
CGCAGAAACATTTGCG-1,1
CGCAGATCTTCACCCG-1,8
CGCATCATGGCTTCAG-1,1
CGCATCCATCAGCCAG-1,8
CGCATGCCGAATGCGT-1,0
CGCATGGTGCGATGCT-1,4
CGCATTAGCTAATAGG-1,9
CGCCAAGAAGCCGAGT-1,9
CGCCATCCGATTATGA-1,3
CGCCCAGCACGCCTAG-1,0
CGCCCAGCGTTTCACG-1,7
CGCCCGCTTCCGTACA-1,5
CGCCCTTGAAGGCTGA-1,7
CGCCGACTATTCGCTA-1,9
CGCCGCCCATGCCTGT-1,8
CGCCGGTGTCGCAGTA-1,1
CGCCGTCTACCCATCG-1,5
CGCCGTTCAGCATAGT-1,0
CGCCTCCCTCCTCTAT-1,9
CGCCTGGCCTACGTAA-1,9
CGCCTTTAGCATGCTC-1,6
CGCGAAGTGGCATACT-1,7
CGCGACACTGCGCAGC-1,3
CGCGACCGCGACAGAT-1,7
CGCGAGAGGGACTTGT-1,8
CGCGCATGTTTGATTG-1,7
CGCGCCCGACTTAATA-1,3
CGCGGCTCAACTTGAA-1,9
CGCGGGAATTAGGCAG-1,8
CGCGGTAAGTCTAGCT-1,3
CGCGGTCACAAACCAA-1,8
CGCGTTCATGAAATAC-1,9
CGCTACGGGACATTTA-1,8
CGCTAGAGACCGCTGC-1,8
CGCTATACCGCCCACT-1,8
CGCTATTCAATGTATG-1,9
CGCTATTCTTAGGCTC-1,5
CGCTCGACATAATGAT-1,8
CGCTCTCCGTAGATTA-1,6
CGCTGGTGACTACCCT-1,8
CGCTGTGACGCCGCAC-1,9
CGCTGTGTGGATGTTG-1,0
CGCTTATTCCCGGTCG-1,9
CGCTTCCACTGAAATC-1,5
CGCTTTCATACCGGTG-1,9
CGCTTTCTTGCATTCG-1,2
CGGAAAGAATCAAACG-1,4
CGGAAATTTCACATCC-1,3
CGGAACGTAAACATAG-1,2
CGGACGTTACTTGAAG-1,9
CGGAGCATGGCGATCC-1,2
CGGAGCTTATAACACC-1,1
CGGAGTTTGAGAGACA-1,8
CGGATCCTCAAGGACT-1,6
CGGCAAACATCGTGCG-1,7
CGGCACCGTTAGCGCC-1,8
CGGCAGGGTCGGGTTG-1,3
CGGCCACGCACAAAGT-1,8
CGGCCCAACCTGTAGT-1,3
CGGCCCAGGTATATCC-1,8
CGGCTCTAAAGCTGCA-1,8
CGGCTCTTCGTCGAAC-1,6
CGGCTTTGTATGATAA-1,8
CGGGAATATAGTATAC-1,9
CGGGAATTTATGTAAA-1,9
CGGGAGCTTCAGTGTA-1,5
CGGGATCAATGTAAGA-1,8
CGGGCAGCTAAACCGC-1,8
CGGGCCTTCTTTGTAA-1,4
CGGGTGTACCCATTTA-1,5
CGGGTTCGGCACGTAT-1,5
CGGGTTTGTTAGGGCT-1,0
CGGTACTAGAATCAAA-1,9
CGGTAGAGGTGCAGGT-1,8
CGGTATAGGTATTAGC-1,8
CGGTCAAGTGGGAACC-1,8
CGGTCAGTCCATATTT-1,4
CGGTCCATGAGACTCC-1,8
CGGTCTATCAACCCGT-1,3
CGGTGAAGACTAAAGT-1,9
CGGTGCAGATAGAACG-1,9
CGGTGCGCGTTGGTCC-1,5
CGGTGGGCTCCAGCCT-1,8
CGGTGTACTTGATCCC-1,2
CGGTTATCCAACAGTG-1,8
CGGTTCAAGTAGGTGT-1,6
CGGTTGACCTGGCATA-1,9
CGGTTGGGTTCAAGTT-1,3
CGGTTTATGAAGGAAC-1,8
CGTACCTGATAGGCCT-1,1
CGTAGAGAGTAATTAT-1,0
CGTAGCGAATTGTCAG-1,6
CGTAGCGCCGACGTTG-1,3
CGTATTAAGAGATCTA-1,8
CGTATTGTTTCCTAAT-1,3
CGTCAAATGGTCGCAG-1,3
CGTCAAGGCTATAAAT-1,6
CGTCACGTCCATTGGT-1,2
CGTCAGTGCGCACAAG-1,8
CGTCATACCATATCCA-1,3
CGTCGCATGTGAGCCA-1,0
CGTCGGATAGTGTTGA-1,6
CGTCTGGAAGGGCCCG-1,9
CGTCTTGAGTGTGACG-1,9
CGTGAAGTTAATTCAC-1,6
CGTGACATTGGGTCGT-1,8
CGTGCAGACTGGGACA-1,5
CGTGCATTGTCGACGC-1,8
CGTGCCCTCCCGAAGA-1,8
CGTGGAAGCCTCGTAC-1,8
CGTGGCCGAATATCTA-1,8
CGTGTCCCATTCGCGA-1,8
CGTGTGTTAAACCCTG-1,2
CGTTAAACTAGTTAGG-1,8
CGTTAATGTCCCGACG-1,7
CGTTAGCTCACAACTG-1,9
CGTTCTTCGCACACCT-1,3
CGTTGAATACCGCGCT-1,7
CGTTGAGCGACCGTCG-1,9
CGTTGAGTAATTGCGT-1,8
CGTTGTAAGATTGATT-1,2
CGTTGTTTCAATTCCC-1,9
CGTTTAAGCGGAGCAC-1,8
CGTTTACAAGGCAGCT-1,3
CGTTTCACTTCGGGCG-1,8
CGTTTCGCTCATTACA-1,9
CTAAAGAATGCCTACT-1,8
CTAAAGGGAAATAGGA-1,6
CTAAATCCTATTCCGG-1,8
CTAACCGCGCGCCCGT-1,8
CTAACGAAACTTGCTG-1,8
CTAACTGGTCCGGTTC-1,7
CTAAGGGAATGATTGG-1,9
CTAAGTACAGGGCTAC-1,3
CTAATTATGAAGCGTA-1,3
CTAATTCGCACGCGCT-1,8
CTAATTCTCAGATATT-1,8
CTACACTCGCAGATGG-1,0
CTACCCTAAGGTCATA-1,6
CTACGAACTAGGTCGA-1,3
CTACGACTAGCTATAA-1,9
CTACGCACGGAGTACC-1,8
CTACGCCATTTCCGAT-1,2
CTACTATCTTTCAGAG-1,8
CTACTCTAGGCCCGGC-1,9
CTACTGCCACCTGACC-1,6
CTAGACATATATGTAG-1,3
CTAGACTGCATTTCGT-1,8
CTAGATGTGAGTGTAA-1,9
CTAGATTTACGACGGC-1,9
CTAGCATAGTATAATG-1,5
CTAGCCGATGTTATGA-1,5
CTAGCTTAATGGTCCC-1,3
CTAGGCGCCCTATCAG-1,0
CTAGGTCTGAAGGAAT-1,2
CTAGGTTCGGACGTGA-1,4
CTAGTAGAAAGGGATT-1,6
CTAGTATTCGGAATTA-1,6
CTAGTCACGTCTTAAG-1,6
CTAGTGAAGGACAGGA-1,9
CTAGTTACAACCCGGT-1,7
CTAGTTGGGCCCGGTA-1,5
CTATAAGAGCCAATCG-1,8
CTATCGCGTAGAGAAC-1,7
CTATCGGGTCTCAACA-1,3
CTATGTCACTAGCCCA-1,4
CTATGTCTATTGAAAC-1,8
CTATGTGAGTCACGGC-1,7
CTATTCATGTGTCCCA-1,7
CTATTGTGTTTGGTCA-1,3
CTATTTGGTTACGGAT-1,8
CTCAACTAACCCGGAT-1,7
CTCAAGACATTAGCGC-1,8
CTCACACGCAAGCCTA-1,8
CTCACCAGTACAAGTG-1,3
CTCACCGATCCAAACT-1,3
CTCACTGTGATACTTA-1,0
CTCACTTGGCTGGTAA-1,9
CTCAGATTGTGATAAG-1,9
CTCAGGACTCACCTGT-1,3
CTCAGTCACGACAAAT-1,8
CTCATCACTTAGTGAT-1,8
CTCATGGCTCACAATC-1,8
CTCATTAACGTTGCCC-1,1
CTCATTGCTCTAACAA-1,7
CTCATTTGATGGGCGG-1,9
CTCCCAATGAGTCGCG-1,0
CTCCGCCCACATGAGG-1,9
CTCCGGCCTAATATGC-1,9
CTCCTGTTCAAGGCAG-1,0
CTCCTTTACGCAAGTC-1,3
CTCGAATGGAACGTAT-1,6
CTCGAGGTCGAACAGT-1,8
CTCGATATTTGCGAGC-1,6
CTCGCACCTATATAGT-1,4
CTCGCCGAATGTAGGG-1,0
CTCGGGATAACACCTA-1,8
CTCGGTACCACTGCTC-1,6
CTCGGTCCGTAGCCTG-1,9
CTCGTTTCTAATGTTT-1,3
CTCTAATGCATTGATC-1,9
CTCTACACTGGCGATT-1,6
CTCTAGCCCTCGGAAA-1,6
CTCTATTTGGCTGCAG-1,9
CTCTCACAATCGATGA-1,1
CTCTGCGAAGCAAGCA-1,8
CTCTGGACGCCTGGTG-1,8
CTCTGTTTGAGGATTC-1,8
CTCTTCTATTGACTGG-1,9
CTGAAAGAGATCCGAC-1,5
CTGAATCCGAGACCTC-1,9
CTGAATTTATTGCCAG-1,3
CTGACATAGAAATAGA-1,7
CTGACTGCGCAGCTCG-1,4
CTGAGAAAGTTCGGCG-1,3
CTGAGCGAGACTTATT-1,3
CTGATAGTGTATCTCA-1,6
CTGCACAACTACATAT-1,8
CTGCACCTAGTCCACA-1,8
CTGCACCTGGAACCGC-1,9
CTGCCAAGGTTGGAAG-1,3
CTGCCATGCATCACAT-1,2
CTGCCCACGAAGCGTT-1,5
CTGCCTAGCCACCAAG-1,8
CTGCCTCATATGCAAC-1,8
CTGCCTTTCTAGTAAA-1,7
CTGCGGGTGAAATGTT-1,9
CTGCGGTAGTCACGTG-1,6
CTGCGTTACGATATAA-1,8
CTGCTGAGGCCACGAA-1,4
CTGCTGTCTAACGAGC-1,3
CTGCTTGGCGATAGCT-1,7
CTGCTTTATGTCCGCG-1,8
CTGGAAATGGATGCTT-1,9
CTGGAAGACACGGTGG-1,7
CTGGATTTACACTTGA-1,7
CTGGCGACATAAGTCC-1,5
CTGGCGCACAGGTCTG-1,6
CTGGCGGGAATAAGTA-1,7
CTGGCTGATTCATCCT-1,9
CTGGGATAAATAATGG-1,8
CTGGGATACGCTACCC-1,6
CTGGGCCTGCTATATC-1,9
CTGGGCTATCCTTTGG-1,3
CTGGGTAGGCAGTTAA-1,9
CTGGTAACACATAGAA-1,8
CTGGTAACGAGCTCTT-1,8
CTGGTCATTCCAATCC-1,3
CTGGTCCTAACTTGGC-1,3
CTGGTTCGCGAGCTAC-1,8
CTGGTTTCGAGCAAGA-1,9
CTGTACTTCTTAGCAT-1,2
CTGTAGCCATCTCACT-1,0
CTGTATGGTGTAGAAA-1,8
CTGTCAAATGGCTCGG-1,8
CTGTCACGCCAGGCGC-1,2
CTGTGCAGGGTAGGTC-1,9
CTGTTACCCAATCTAG-1,2
CTGTTCACTGCCTGTG-1,9
CTGTTCATCTCACGGG-1,9
CTTAAATAAGACCCAT-1,3
CTTAACTTCGAAGTAC-1,8
CTTACACGGTATTCCA-1,9
CTTACACTGGGAAATA-1,2
CTTAGCCCGGATAGTG-1,6
CTTAGCCTTCCACATG-1,8
CTTAGGTCCCAATCGT-1,1
CTTAGTAGGCCTACAG-1,2
CTTAGTGTAGTAGCAT-1,6
CTTATGCGCTCAGGGC-1,5
CTTCAACTCCACTTGG-1,7
CTTCATAGCTCAAGAA-1,9
CTTCATTGTCAGTGGA-1,2
CTTCCTGCATATTTAC-1,3
CTTCGGCCAATTGTTT-1,7
CTTCGTAGATAGGTGA-1,9
CTTCTATGTTGAAGTA-1,4
CTTCTATTAATGCTAG-1,0
CTTCTTACGTCGTATA-1,2
CTTGACCCGAAAGATA-1,9
CTTGAGTTAGGGTAAT-1,4
CTTGCAACCGCCTCCT-1,5
CTTGCCCAGGCTCTAC-1,9
CTTGGCCAAGCTGGGA-1,0
CTTGTACTTGTTGACT-1,9
CTTGTCAACATTCGAG-1,2
CTTGTGCTCACCGATT-1,6
CTTGTTGCTGAGTCAA-1,9
CTTGTTTATGTAGCCA-1,6
CTTTAACTTTCAAAGG-1,4
CTTTAATATTGGTCGA-1,9
CTTTACCGAATAGTAG-1,9
CTTTAGGAACACTGTT-1,6
CTTTAGTGCTATTATT-1,8
CTTTGACGTCGCTTCT-1,7
CTTTGCTGTCATGGAT-1,8
CTTTGGCAGACAGAGT-1,3
CTTTGGCGCTTTATAC-1,3
CTTTGGCTTTAGTAAA-1,4
CTTTGGGATTGTTGCA-1,0
GAAACAGATGACCACC-1,5
GAAACAGCCATGCAGT-1,5
GAAACCATGGTGCGCT-1,2
GAAACCGAATTACCTT-1,7
GAAACCTATACAAATG-1,0
GAAACTCGTGCGATGC-1,1
GAAACTCTAATGAAGG-1,8
GAAAGAACAGCGTTAT-1,5
GAAAGCCCTTTGGACC-1,8
GAAAGTGACTAACTGC-1,8
GAAATACCTGCTGGCT-1,3
GAAATACTAAACGTTT-1,4
GAAATATCACCATCAG-1,9
GAAATATGCTTGAATG-1,5
GAAATCGCGCGCAACT-1,6
GAAATGGCGGTGTTAG-1,8
GAAATTAGCACGGATA-1,8
GAAATTCACATCGCTG-1,8
GAAATTGTCTCTATAA-1,4
GAACAACTGGGATGAA-1,0
GAACACACATCAACCA-1,8
GAACATTAGTATGTTA-1,3
GAACCCTCTGTGTTCT-1,0
GAACCTCGACCTACAC-1,8
GAACCTTTAACGATCC-1,7
GAACGACCGAATGATA-1,9
GAACGATAAGTTAAAG-1,8
GAACGCGGGTCACACG-1,8
GAACGGTGTAAAGCAG-1,6
GAACGTCTCATGGTCG-1,3
GAACGTTAGGAAGACG-1,8
GAACTTAGCGCCCGGT-1,3
GAACTTGTGCACGGGA-1,3
GAAGAACGGTGCAGGT-1,5
GAAGCCTGCACATTCC-1,0
GAAGCGTGAGGAATTT-1,8
GAAGCTTGCTGACCGC-1,9
GAAGGCTACCATTGTT-1,8
GAAGTCAGTTGCACTA-1,7
GAAGTCTCCCTAGCGA-1,2
GAAGTGATTTATCGTG-1,8
GAAGTGCTGGATAGCT-1,5
GAAGTTTCCACTCAAT-1,9
GAATAGACGCGACCCA-1,8
GAATAGCATTTAGGGT-1,8
GAATAGCCCTGCGGTC-1,3
GAATATTCGGAGTCCC-1,8
GAATCGACATGGTCAC-1,9
GAATCGCCGGACACGG-1,8
GAATCTGAACATTCTC-1,6
GAATGAAGGTCTTCAG-1,8
GAATGCCGAAATGACC-1,3
GAATGGGCTTATCGAC-1,8
GAATGTATGGCAGGTC-1,9
GAATGTGGTCCGGATT-1,9
GAATGTTGGGTAATCT-1,4
GAATTATAGTGAAAGG-1,8
GAATTCACCCGGGTGT-1,9
GAATTTCTCGCTGCAG-1,8
GACAAACATATGCAGG-1,2
GACAACGACCATTGAA-1,8
GACAACGCAGCTTACG-1,8
GACAAGAGATGAGATT-1,7
GACACAAGGGAAGAAA-1,8
GACACGAGTTAGAGGA-1,3
GACACTGAGTTCAGTG-1,4
GACAGATTTCTGGCTC-1,7
GACAGCCAGACCTGAC-1,8
GACAGGCACACACTAT-1,9
GACCAGAGCCCTGTAG-1,9
GACCCGTCGCCGGCTA-1,3
GACCGACGTGAAAGCA-1,4
GACCGACTGAAGCGTC-1,9
GACCGCGTCTGACGTG-1,3
GACCGTCAGGTCGTGA-1,6
GACCGTGCTGACGGTG-1,9
GACCGTTACATGCGAC-1,3
GACGACGATCCGCGTT-1,7
GACGCTTGCTTCTAAA-1,9
GACGGGTTGGCCCGTA-1,0
GACGGTCAATAGAAGC-1,4
GACGGTCCTAGGGTGT-1,8
GACGTGTAGGGATTAT-1,8
GACGTTCGTAAATACA-1,3
GACTAACACAGCACCT-1,8
GACTAAGATCATGCAC-1,2
GACTAAGTAGGCTCAC-1,8
GACTACAATTGCTCGT-1,6
GACTAGGCCGTTAGGT-1,0
GACTCACCCACGTGAG-1,9
GACTCCCAGAATAAGG-1,8
GACTCGCGGGAATGAC-1,8
GACTCGGTCGGCGGAT-1,8
GACTGATTGGTCACAA-1,1
GACTGCAAATCGAGCT-1,7
GACTGCACCAGCCCAG-1,9
GACTGCGGCACGTGTA-1,8
GACTGGGCGCCGCAAC-1,3
GAGAATCTCACGATCA-1,9
GAGACCCTGCAACGCC-1,3
GAGACTGATGGGTAGA-1,8
GAGAGCGCAGTCCCTG-1,3
GAGAGGGCGCGAGGTT-1,8
GAGAGGTGCATTCTGG-1,9
GAGATCTGCTTGGCAT-1,8
GAGATCTGTCACTCCG-1,3
GAGATCTTCCATGACA-1,9
GAGATGACAATCCTTA-1,8
GAGATGGGAGTCGACA-1,7
GAGCACCTGTGTCCAG-1,7
GAGCACGGCGCCTCTT-1,8
GAGCATCATCCCTGGG-1,8
GAGCCACGGTAGTAGG-1,8
GAGCCGAGCGTTTATT-1,3
GAGCGAGGGAGTACCG-1,9
GAGCGCGCACGAGTAG-1,9
GAGCTAAGGGCATATC-1,8
GAGCTCTCGGACCTAA-1,8
GAGCTGTCGTCTCGGA-1,3
GAGGAATGGAGAGGTT-1,9
GAGGATAAACAGTGCT-1,6
GAGGCATTTGCAGCAG-1,8
GAGGCTATCAAAGTCG-1,8
GAGGGCCATAATATTA-1,3
GAGGGCGCAGCTCTGC-1,6
GAGGTACATCCATCTT-1,9
GAGGTCCCAAAGATCT-1,3
GAGGTCTTAGTGGGTC-1,5
GAGTAAACCGGAAAGT-1,0
GAGTACGGGTATACAA-1,1
GAGTATCAAAGTTACA-1,0
GAGTATGCCCGCCTTG-1,0
GAGTCCGCTTACCGGA-1,2
GAGTCGACAGACCCTC-1,8
GAGTGCACGGACAACA-1,1
GAGTGTCAACCAGAAA-1,7
GAGTGTGCGGTACCCA-1,8
GATAAATCGGTGGATG-1,6
GATAACTCGCACTGTG-1,4
GATACCGTGTCGGAGT-1,1
GATACGATGGGAGTCA-1,4
GATAGGATTAATTACA-1,4
GATAGGTAACGTTGAC-1,8
GATAGGTGTCCCGGGC-1,3
GATATCTCATGCAATA-1,9
GATATGAGACACTAAC-1,8
GATATGCGGTAGCCAA-1,8
GATATGGATTACGCGG-1,6
GATATTGAGATTGGCG-1,5
GATATTTCCTACATGG-1,8
GATCATTCCAAACATT-1,8
GATCCCTTTATACTGC-1,8
GATCCGAATATAAGTG-1,2
GATCCGGGAATTAACA-1,4
GATCCTAAATCGGGAC-1,8
GATCCTCGACACTGGC-1,4
GATCCTCTTGCGCTTA-1,9
GATCGACACTATCTGA-1,9
GATCGCGGGCTCTCCA-1,2
GATCGCTACCCGATTT-1,0
GATCGGATAGAACCAT-1,8
GATCGGTGGCCATAAC-1,2
GATCGTGACTGATATC-1,9
GATCTCGACGCTGTGG-1,3
GATCTTGGAGGGCATA-1,6
GATCTTTGCAGGGTAT-1,8
GATCTTTGCTCAAAGA-1,3
GATGACGATGATCGCG-1,8
GATGAGGAACCTTCGG-1,0
GATGCCAGCAGAAGGC-1,3
GATGCGAATGGTATTA-1,3
GATGCGTCCTGCATTC-1,2
GATGCTACAAGCGCCT-1,8
GATGCTGTATTTCATC-1,9
GATGGTGCCCTAGGCA-1,8
GATGTCGGTCAACTGC-1,9
GATGTGTTGTCACAAG-1,9
GATGTTCAATCCACGA-1,9
GATGTTTGTGCGAGAT-1,3
GATTACTGAATTTGGG-1,6
GATTCCCTTGTCGCAG-1,5
GATTCCGCGTTTCCGT-1,6
GATTCCTATACGGCGC-1,8
GATTCGACGGTTCACG-1,6
GATTGACACTCTGCTC-1,3
GATTGGGAAAGGTTGT-1,7
GATTTAGTGCGTACTG-1,1
GCAAACCCTACATTAT-1,9
GCAAACGTCGCCAGGT-1,8
GCAAATATTACGCTTT-1,8
GCAAATGAGGACACTT-1,8
GCAACACACTAGAACT-1,0
GCAACAGCAGTATGCG-1,6
GCAACCACCAGACCGG-1,9
GCAACCACGGCCGCGT-1,9
GCAACCCAAGTTGTTT-1,8
GCAACGGCTAGTTATG-1,6
GCAAGAATTCCTTGGC-1,7
GCAAGATGTGTTCGCG-1,8
GCAAGTGCACAGAGAA-1,3
GCAATTAGTCGCACCG-1,8
GCACAAACGAGGCGTG-1,9
GCACAAGTGTCGGAAG-1,8
GCACACGCCCATGGTC-1,8
GCACTAGTCGCGCTAT-1,8
GCAGAAACGTAATCCA-1,3
GCAGAAGGTAATCTCC-1,3
GCAGACCCAGCACGTA-1,9
GCAGATCCATAAGACT-1,5
GCAGATCCTCGCAAAT-1,3
GCAGATTAGGGATATC-1,7
GCAGCACACAGCCCAG-1,8
GCAGCCTATATCACAT-1,6
GCAGCTATGGACAGGT-1,3
GCAGGACTATAGAATA-1,9
GCAGGTAGAGTATGGT-1,8
GCAGTGTGGCTATAGG-1,7
GCAGTTCGATCCGAGC-1,0
GCATACGAGGTCTTTA-1,9
GCATAGAGCACTCAGG-1,2
GCATCCCTAACTTTGA-1,4
GCATCGGCCGTGTAGG-1,3
GCATGAGGGACGCGGC-1,6
GCATGCTAATAACGAT-1,0
GCATGGGTACTGACGC-1,8
GCATTCAAGGCAACGC-1,5
GCATTCGAAATGAACA-1,8
GCATTGTAATTCATAT-1,6
GCATTTCCAAGGCTCC-1,8
GCCAACCATTTCCGGA-1,3
GCCAATAGGGCATCTC-1,8
GCCACAATTTAAGGAC-1,4
GCCACTCCTTACGGTA-1,0
GCCAGGAGTAACCGAT-1,9
GCCAGGCGTTCGCATG-1,9
GCCATATTGCACACAG-1,9
GCCATCGATGCTGCAT-1,6
GCCCACCAAGGCTGTC-1,8
GCCCAGATGCTGGAGA-1,4
GCCCAGTTGGTATGCC-1,8
GCCCGATCTGTGGTCG-1,0
GCCCGCGCGTAAACGG-1,7
GCCCGCGCGTTTGACA-1,8
GCCCGTAATACCTTCT-1,8
GCCGAAATTCCTACGT-1,8
GCCGATTGGCCAAGCT-1,7
GCCGCACTCCGTTTCA-1,9
GCCGCATTAGTCCGGC-1,9
GCCGCTTGTGAGAAAC-1,9
GCCGGGTTAGGGTCGC-1,7
GCCGTGGAAGAAATGT-1,6
GCCTAGCGATCTGACC-1,2
GCCTATAGTGTCAGGG-1,3
GCCTATGCTGGGCCTT-1,8
GCCTATTCCGATATAG-1,8
GCCTATTTGCTACACA-1,6
GCCTCATCTGGAAATA-1,3
GCCTGCTACACTGAGA-1,3
GCCTTCAGCCCTACCG-1,3
GCGAAACTTAACTGGA-1,8
GCGAAGAATCTGACGG-1,7
GCGAAGCCATACCCGT-1,8
GCGACATGTAAACATC-1,6
GCGACGATAGTTGTAC-1,9
GCGAGAGGCCATGTAA-1,8
GCGAGAGTTGCGTCCA-1,5
GCGAGCGCATGCTCCC-1,1
GCGAGGCCCGAGCAGA-1,8
GCGAGTTCTGCAAAGA-1,4
GCGATTCTGGAAGCAG-1,3
GCGATTGTTAACGTTA-1,6
GCGCAAGAGCGCGCTG-1,8
GCGCATCCAGTCAGCA-1,8
GCGCCGTTCCACGATA-1,5
GCGCCTCCCACTCCGA-1,8
GCGCGTCATTGGTACA-1,7
GCGCTAATTGAATAGA-1,3
GCGCTATGCCGAGGCA-1,4
GCGCTCGATCACCTGT-1,3
GCGCTGATCCAGACTC-1,8
GCGCTGCTTTGCATTT-1,8
GCGGACCGCGTTGTGG-1,5
GCGGAGAAACTTCGCA-1,7
GCGGAGAGGGAGAACG-1,6
GCGGCTCTGACGTACC-1,8
GCGGGAACCAGGCCCT-1,8
GCGGGCATTACGATGC-1,8
GCGGTCCCGGTGAAGG-1,8
GCGGTCCCTAGACGCA-1,9
GCGGTGAACTGCGCTC-1,6
GCGGTTCCCTATCATG-1,0
GCGTAAATGGCCATAA-1,8
GCGTCGAAATGTCGGT-1,9
GCGTCTAACCTCCTAA-1,3
GCGTCTCTGCATTGGG-1,8
GCGTGGTACTGGGTTA-1,8
GCGTTATATTTGGAAC-1,2
GCGTTCGGAGACCGGG-1,8
GCGTTCTGACTAAGCG-1,0
GCTAAACCTGAGGTGA-1,9
GCTAACTGAAGTCTGA-1,7
GCTAAGTAAAGGCGAT-1,3
GCTAAGTAGTTTCTCT-1,8
GCTAATACCGAATGCC-1,9
GCTACAGTACGGACCG-1,9
GCTACGACTTATTGGG-1,6
GCTACTATAGTAGAGT-1,7
GCTAGACCGTCTACTG-1,6
GCTAGCACCTGGGCCA-1,3
GCTAGCAGGGAGTGGG-1,8
GCTAGCTTGAATAGCT-1,7
GCTAGTAGAGCTTGTA-1,4
GCTAGTTTCATTGAGG-1,9
GCTATACGTCTCGGAC-1,7
GCTATCGCGGCGCAAC-1,7
GCTATGCCAGCTTATG-1,7
GCTCAATCCGTTTATT-1,1
GCTCATTACTGCATGT-1,2
GCTCCATGAGTGCAGA-1,7
GCTCCCAGTCGGTCCA-1,8
GCTCCGCTCGCTTCAG-1,9
GCTCCGGACGTTGATA-1,5
GCTCGCGGTTCCGCTC-1,3
GCTCGCTCATGTCCAA-1,8
GCTCGGAATTTAAAGC-1,5
GCTCTAAACCCTGACG-1,8
GCTCTATGTTACGTGC-1,9
GCTCTCGGGTACCGAA-1,9
GCTGAACTCTCCAGGG-1,9
GCTGAGGCGTGAGTAT-1,4
GCTGCACGGTTTCTTA-1,8
GCTGCTACTGCGTAGC-1,9
GCTGCTCTCCGGACAC-1,8
GCTGGACCCAAAGTGG-1,8
GCTGGCATATTCACCT-1,9
GCTGGTGACTCGTAGT-1,3
GCTGTATTACTGGCCC-1,4
GCTGTTGCTACCGAAC-1,4
GCTTAATGTAACTAAC-1,8
GCTTACGTAGTTAGTA-1,3
GCTTAGGGAAGCGGTA-1,3
GCTTATGAAGCAGGAA-1,8
GCTTCAGTGGGATTAC-1,2
GCTTCCGTCCCTAGAC-1,3
GCTTGATGATAATCAG-1,9
GCTTGCAGCACAATTG-1,2
GCTTGGATCGATTAGG-1,9
GCTTTCAGAGGAGGTG-1,8
GGAAACCTTGTTGAAT-1,3
GGAAAGTGCCCATGCC-1,8
GGAACCGTGTAAATTG-1,5
GGAACGGCCTGCAGCC-1,3
GGAAGATAAGACTGTA-1,6
GGAAGCTCGCTTACAG-1,8
GGAATAACCTCAAGAA-1,3
GGAATGCGCTAGCGTG-1,6
GGACAAGTTGCAGTGA-1,9
GGACACAAGTTTACAC-1,8
GGACCAACAGGATAAC-1,9
GGACCTACGGTAACGT-1,8
GGACGGCTTGCGCAAC-1,3
GGACGTCCATAGTTGG-1,9
GGACTAAGTCAGGAGT-1,5
GGACTCACAAATTAGG-1,3
GGACTCTTCCGGTTGA-1,7
GGAGAAGTCATTGGCA-1,6
GGAGACCAATGTGCTT-1,8
GGAGACGACACCTTTG-1,6
GGAGCACCAAGAACTA-1,8
GGAGGATTGAAAGGAG-1,6
GGAGGCCGAAGTCGTC-1,8
GGAGGCGAAGAACCGC-1,5
GGAGGGCTTGGTTGGC-1,8
GGAGTGCCGCCCTGGA-1,9
GGATACTCATGAATTG-1,3
GGATCAGAGCCATCAG-1,9
GGATCATCCCGTACGC-1,1
GGATCCGGAATATACT-1,8
GGATGAAGATCGCTGA-1,9
GGATGACGCGAGTTTA-1,9
GGATGCTGGCGTTCCT-1,9
GGATGTCCTTACCGCA-1,8
GGATTAAGCTAAGGTC-1,6
GGATTCAGTACGGTGG-1,8
GGATTCCGCTATACCC-1,3
GGATTGCTGTGACTCC-1,6
GGATTTCACTTCTATA-1,6
GGCAAAGGCGCCAATA-1,7
GGCAAATTACTTTACT-1,4
GGCAAGCCAGGGATAG-1,8
GGCAAGGCGAAATAGC-1,2
GGCAATAGTCAATGAG-1,3
GGCACTCAGCCGACCC-1,7
GGCACTCCACTGGGCA-1,8
GGCAGAGAGATCGGGA-1,9
GGCAGCGGTAATCCTA-1,3
GGCATACAGGTAGCGG-1,9
GGCATATCGGTTCTGC-1,6
GGCCCAATCTAGAGGG-1,3
GGCCCAGTTATCAGCA-1,3
GGCCCGGAGCATGTCT-1,4
GGCCCGTATACCATGC-1,8
GGCCCTCACCCACTTA-1,9
GGCCGGCGTCTGCTAT-1,7
GGCCGTTTGGGTTTCA-1,7
GGCCTTTGCAACTGGC-1,3
GGCGAAATCTAACTTG-1,8
GGCGAACCGTTCTGAT-1,1
GGCGCAGGACATCTTC-1,9
GGCGCATGAATTGATG-1,4
GGCGCGGAGATCTTTC-1,7
GGCGCGTTCGAGTTTA-1,9
GGCGGAGTAATATTAG-1,9
GGCGGTAGGATCATTG-1,3
GGCGTAGGGAAAGCTG-1,7
GGCGTCCTATCCGCTG-1,9
GGCTAAAGGGCGGGTC-1,8
GGCTAATGATTGAAAT-1,3
GGCTATTAAGTTGTAT-1,8
GGCTCGCGTTGAGGTA-1,9
GGCTCGTGCCACCAGC-1,9
GGCTCTGCTCCAACGC-1,9
GGCTGAAATAGCAAAG-1,9
GGCTGAGCATCGTAAG-1,3
GGCTTTCAATAAGGGT-1,5
GGGAACGGGAGGTTAG-1,8
GGGAAGACGGTCTGTC-1,7
GGGAAGGGCTTTCTCA-1,6
GGGAATGAGCCCTCAC-1,3
GGGAATTCTGTCCAGT-1,3
GGGACTGCATAGATAG-1,8
GGGAGAACTCACAGTA-1,4
GGGAGGATGCCCGAAA-1,4
GGGAGTAATGGCTGGC-1,3
GGGATCCCAATACAAA-1,3
GGGATGGTCGTAACCG-1,5
GGGATTTACCGCACCT-1,5
GGGCACGAATTGGCCG-1,3
GGGCCCGTCTTAAACA-1,4
GGGCCCTACGAAAGGG-1,9
GGGCCCTTATCTATAC-1,5
GGGCCGGCCGAAGTAC-1,8
GGGCCTAAATGGGCTA-1,0
GGGCCTATTTAAGTAT-1,8
GGGCGATATGTGTGAA-1,9
GGGCGCAGCGTTACTC-1,2
GGGCGGCAAATGAATT-1,4
GGGCGGGTTCCCTACG-1,9
GGGCGTACATTTATAT-1,5
GGGCGTCACCACGTAA-1,4
GGGCGTCCACTGGCTC-1,6
GGGCGTGGTTTCCCAG-1,6
GGGCTCATCGAACCCA-1,9
GGGCTGCCTAGGGCGA-1,8
GGGCTGGTTAGTCGCG-1,8
GGGTACTTCATGAACT-1,8
GGGTATGTATGCACTT-1,9
GGGTCACCGTGACGGT-1,9
GGGTCGTGGCAAGTGT-1,3
GGGTGACACCTTAACT-1,9
GGGTGCATATGAAAGC-1,6
GGGTGGTCCAGCCTGT-1,8
GGGTGTTTCAGCTATG-1,6
GGGTTTAGGATAGGAT-1,8
GGTAAATGTGCGTTAC-1,8
GGTAACTATGTATCTG-1,8
GGTACAAACATGCTAT-1,9
GGTACACCAGATTTAT-1,8
GGTACATCTGGGACGA-1,9
GGTACCATTAAGACGG-1,8
GGTACTAAGTGCTTTG-1,3
GGTAGAAGACCGCCTG-1,7
GGTAGTGCTCGCACCA-1,3
GGTATAGTGACACATA-1,3
GGTATGAAAGAACTGA-1,9
GGTATTGCCGAGTTTA-1,8
GGTCAGTGGGTCCCAC-1,9
GGTCATTGTAGTCATA-1,3
GGTCGGATAAACGGCG-1,6
GGTCGGCCAGGAGCTT-1,5
GGTCGGTAATTAGACA-1,8
GGTCTCCAAGTAGTGC-1,3
GGTCTCTGAATGGACT-1,7
GGTCTGAGAATCTGGA-1,9
GGTGAAGTACAGGGAT-1,4
GGTGAGATGCAGATAA-1,8
GGTGATAAGGAGCAGT-1,9
GGTGATGAAGGAAGTG-1,8
GGTGCAGAGCCTATCG-1,8
GGTGCGGATAAGTGGC-1,1
GGTGCTGATCACAAAG-1,9
GGTGCTGGTACACATT-1,4
GGTGGACCACGTGTTA-1,1
GGTGGAGGTTGATACG-1,8
GGTGTAAATCGATTGT-1,4
GGTGTTCTGTTTCTAC-1,3
GGTGTTGGGCGTCTTA-1,3
GGTTACCACCCTCGGG-1,7
GGTTACCCGACACTTT-1,8
GGTTAGCTATATGTCT-1,6
GGTTAGGCTTGGAGAA-1,9
GGTTAGTTACGGCGCC-1,8
GGTTCGATGCTGAGTT-1,3
GGTTCGGATTATACTA-1,3
GGTTCTACTCGTCTGA-1,9
GGTTGTGCTCTTGTCC-1,3
GGTTGTGTAGCCTGGC-1,9
GGTTTAATTGAGCAGG-1,3
GGTTTACAATCTCAAT-1,8
GGTTTAGCCTTTCTTG-1,8
GGTTTCAATCGGTCAG-1,8
GGTTTGACAAGAAGCT-1,8
GGTTTGAGTGCTGGAA-1,9
GGTTTGCGAACACGTA-1,8
GTAACAACTGACCTTG-1,8
GTAACTTGCGGCAGTC-1,3
GTAAGCGGGCAGTCAG-1,6
GTAAGGATTTGTCGGA-1,2
GTAAGTAACAGTCTGG-1,9
GTAAGTAGGGTATACC-1,8
GTAAGTCCACACTCTA-1,9
GTAATAAAGGGCTCCC-1,4
GTAATCTGATTCTTCG-1,4
GTACACTTACCTGAAG-1,9
GTACAGAGGCAAGGGT-1,8
GTACGAGATTGCGACA-1,9
GTACGCTTCATTGCAC-1,2
GTACGTCACGTATTAA-1,8
GTACGTTTGCCCGTCA-1,1
GTACTAAGATTTGGAG-1,9
GTACTCCCTTATCGCT-1,9
GTACTCCTGGGTATGC-1,8
GTACTGAGGTCGTAAC-1,8
GTACTGCATGAAGCGT-1,3
GTACTGGAGTTAGACC-1,2
GTACTTGGGCACTTCT-1,8
GTAGAAACGGGTGGAG-1,3
GTAGACAACCGATGAA-1,3
GTAGACGTCGTTACAT-1,2
GTAGAGGGAGACAAGT-1,4
GTAGCCAAACATGGGA-1,9
GTAGCGGCTATACACT-1,6
GTAGCTTCCTCTTGTT-1,5
GTAGGTGATCCGTGTA-1,2
GTAGTCGCGGGAATCA-1,9
GTAGTCTACGATATTG-1,7
GTATAGGACTCAGTAG-1,9
GTATAGTGGCCCATGT-1,3
GTATCAGCTTGGGTTC-1,8
GTATCCTTTGGTAACC-1,1
GTATCTTTCATAACCA-1,6
GTATGTGGGTCTAGTT-1,4
GTATTAGGGTTCGCGT-1,3
GTATTCTGAGAAACGA-1,2
GTCAAGCGGACTCGGG-1,9
GTCAATGCTATAATTT-1,8
GTCACAAAGTTTCCAA-1,3
GTCACCTGTCTATGTC-1,5
GTCACTCTCCAAATCT-1,8
GTCAGAATAGTCTATG-1,9
GTCAGTTGTGCTCGTT-1,9
GTCAGTTTGGTAGTCG-1,8
GTCATGCACCTCCGTT-1,6
GTCATGGACATGACTA-1,6
GTCATTAGAGCGAACG-1,6
GTCATTGCATTGACCC-1,6
GTCCATTACTGCTACG-1,8
GTCCCAATCATCCCGC-1,9
GTCCCGCGACGTTATG-1,7
GTCCGAGAGCAATCAT-1,9
GTCCGGCTGAATTGCG-1,5
GTCCTATTGTTGTGGT-1,3
GTCCTTCTAGTGGGTT-1,8
GTCCTTTAATGACTTC-1,3
GTCGCCGTTGTGTGTT-1,7
GTCGCGTAACCCGTTG-1,2
GTCGGAAGGATACCAG-1,3
GTCGGATATCTCAGAC-1,1
GTCGGATGTAGCGCGC-1,6
GTCGGGAACATGGTAG-1,3
GTCGGGAAGCAGAAAC-1,5
GTCGTACCATCTCGGG-1,6
GTCGTACCTACGATTG-1,6
GTCGTATTGGCGTACA-1,5
GTCGTCAATTATAAGG-1,9
GTCGTCTGGTTGGCTA-1,8
GTCGTGTCTGGTCATC-1,2
GTCGTTATTCGCTTAT-1,9
GTCTACTCAATTACAA-1,8
GTCTAGTGAGCCGCTT-1,7
GTCTATCTGAGTTTCT-1,9
GTCTATTGGTTCCGGT-1,9
GTCTCGACTAAGTTTG-1,8
GTCTCGATCTGCTTTC-1,9
GTCTGGGCGGTCGAGA-1,5
GTCTTAGTACAGCCGG-1,4
GTCTTCCTCACCTAAG-1,3
GTCTTGAGGAGCAGTG-1,6
GTCTTGTAGCTATTCA-1,8
GTGAAACGGCGCCACC-1,8
GTGAAACGTGCTCCAC-1,5
GTGAACTCCCATTCGA-1,5
GTGAAGATTTCAAGTG-1,3
GTGAAGCCGTATAGTC-1,3
GTGACCGCACACTACG-1,4
GTGACCTAAAGAATAA-1,8
GTGACGAGGGTGACCC-1,4
GTGACTTCAGTAGTGC-1,7
GTGAGCGTGCTGCACT-1,9
GTGAGGACACTTAAGG-1,9
GTGAGGAGCGGTTGAG-1,8
GTGAGTCTAAGACGGA-1,3
GTGAGTGGTACAACGC-1,7
GTGATCACTAACGCCT-1,8
GTGATCATAGATCTGC-1,9
GTGATCCTTGTCATGA-1,3
GTGATGCACAACATCT-1,3
GTGATTCGCCGCTCAA-1,2
GTGCAACAAATGTGGC-1,9
GTGCACGAAAGTGACT-1,3
GTGCAGCGTAGAGTAG-1,0
GTGCCATCACACGGTG-1,9
GTGCCCGTTCGGATTC-1,9
GTGCCGCTTCAAAGGT-1,4
GTGCCTCAGTGTACGG-1,3
GTGCGAAATCGAACAC-1,4
GTGCGACAGGGAGTGT-1,5
GTGCGGGTCTCCAAAT-1,8
GTGCGTGTATATGAGC-1,6
GTGCTCAAGTACTGTC-1,8
GTGCTGCAGATAAGGA-1,3
GTGCTTACATCAGCGC-1,6
GTGGAACCTACATGCG-1,8
GTGGACCAACCCGATT-1,7
GTGGACGTGCTGAGAC-1,6
GTGGAGCATGTCGGCC-1,3
GTGGCCTAATATCATT-1,9
GTGGCGGTCCCAGCGT-1,9
GTGGGAAGACTGAATC-1,7
GTGGGCTTAGACACAC-1,6
GTGGTATAGTCTGCCG-1,7
GTGGTCAGCGAAGTAT-1,1
GTGGTGGCCAAGTGAA-1,9
GTGGTTACTTCTTTCG-1,3
GTGGTTTCCGCCTTTC-1,9
GTGTACCTTGGCTACG-1,8
GTGTACGAACCGTTCC-1,1
GTGTATATCAGCGGGC-1,7
GTGTCCGATAAGGCAT-1,3
GTGTCGTATTCACCTT-1,3
GTGTGAATAACTTAGG-1,9
GTGTTACTATGCGTCC-1,9
GTTAAAGTAGGACTGG-1,9
GTTAACTATGTTGTCA-1,8
GTTAAGGGTGCGATGT-1,4
GTTAAGTTAGAGTGGG-1,5
GTTAATGTCTATCTTA-1,9
GTTACAATTGGTGACG-1,9
GTTACCTACAACTTGC-1,6
GTTACTTTGGGCCTAG-1,4
GTTAGAGTGTGCCGCT-1,3
GTTAGCCGTAAATCAA-1,6
GTTATATCAGGAGCCA-1,3
GTTATATTATCTCCCT-1,6
GTTATCACCTTCTGAA-1,5
GTTATTAACGTGGGAG-1,3
GTTCAATCTATGTCAA-1,3
GTTCACAGGAGTCTAG-1,8
GTTCATCGTTTGGCTG-1,5
GTTCCAGTCTGACCAT-1,8
GTTCGCCATAAGTGCC-1,1
GTTCGGATCGGGAACA-1,8
GTTCGGGCGTACCATT-1,3
GTTCGTCTAAAGAACT-1,7
GTTCGTCTGGGTCCCT-1,8
GTTCTTCCCTCGATGT-1,1
GTTGAACCGGTTCCAT-1,8
GTTGAGTCCCGCCGGT-1,7
GTTGCACGGAGTTTCG-1,9
GTTGCGCTAACATTAC-1,9
GTTGCGGACGGTCAGG-1,5
GTTGGACCGCATCAGG-1,8
GTTGGATTCAGTGGCT-1,8
GTTGGATTGAGAACAC-1,6
GTTGGATTTGCGTTGG-1,2
GTTGTCGTGTTAGTTG-1,2
GTTGTTACATTGCGCT-1,3
GTTTACGTTCCATCTG-1,9
GTTTCATATCGTCGCT-1,9
GTTTCCTGGAGGGTGA-1,9
GTTTCTGCAGTCTCCC-1,9
GTTTGACCAAATCCTA-1,9
GTTTGGCCCAAGTTAT-1,8
GTTTGGGCTTGTGAGC-1,9
GTTTGGGTTTCGCCCG-1,3
TAAAGACAACCCTTTA-1,8
TAAAGAGCCCGAAACC-1,9
TAAAGCGTTAGGAGAA-1,8
TAAAGCTGCAATAGGG-1,8
TAAATCTTTACACCTC-1,8
TAAATGAATCCGTTTC-1,8
TAAATGCCGTCTCATG-1,8
TAACAAAGGGAGAAGC-1,9
TAACAATATTTGTTGC-1,8
TAACATACAATGTGGG-1,9
TAACCGCCCGCAGTGC-1,8
TAACCTACCGTCCGAG-1,5
TAACGCTTTGAGAGCG-1,2
TAACTATCGAAGGTCC-1,1
TAACTATTACGCCAAA-1,8
TAACTCATCCGCGCGG-1,4
TAACTCCATGGAGGCT-1,1
TAAGCAGGCGACACGC-1,2
TAAGCCCTTACGACCA-1,3
TAAGGAACTTGTGGGA-1,6
TAAGGCAACATAAGAT-1,8
TAAGGCTGAATCCCTC-1,2
TAAGGGCTGGGAGAGG-1,5
TAAGTAAATGTGCCGC-1,3
TAAGTAACATCTTGAC-1,4
TAAGTCGCCGAGTATC-1,7
TAATAAACAAGGAGAT-1,8
TAATACACAGTAGTAT-1,8
TAATAGAACAGAGTTA-1,7
TAATAGCTAAATGATG-1,8
TAATAGTGACGACCAG-1,8
TAATATTGAAATTCGC-1,5
TAATCAACCAAATGGG-1,3
TAATCGATCCGTACGT-1,8
TAATGAAAGACCCTTG-1,3
TAATTAGGACATCCGT-1,8
TAATTGGAATCGGGAA-1,8
TAATTTCCGTCCAGTA-1,3
TACAACGCACAACTCA-1,4
TACAAGTCTCGTGCAT-1,8
TACACCGTCGTTAGTC-1,8
TACAGAAACGGTGGGC-1,7
TACATAGGCATACACC-1,6
TACATCCCTATCCCTG-1,9
TACATTTCTAACGTGC-1,8
TACCAGAAGTAGGTTC-1,7
TACCAGCTAGGTTTAA-1,8
TACCATGTATTGATTT-1,3
TACCGAATAATTGTAA-1,0
TACCGCGGACTTGCAG-1,3
TACCGGCTCACTGCCC-1,8
TACCGGTCGTTTCCAT-1,7
TACCGTGCCTCGGACC-1,9
TACCTATCCCTAGAGG-1,3
TACCTCACGCTTGTAC-1,8
TACCTGCTGCACTGTG-1,9
TACCTTAAGATTTCCC-1,7
TACGAACACGACTTCA-1,9
TACGACGCTTGCTGCG-1,9
TACGACTGCCTCTTAG-1,6
TACGAGAACTTCACGT-1,8
TACGATCCAAGCCACT-1,5
TACGATGTTGATCATC-1,9
TACGCAGTTCTTTCCT-1,0
TACGCCATATTCTAAT-1,6
TACGCCGCCTCAGAAG-1,1
TACGCTATAGAAACCT-1,9
TACGGGATGCTAGCAG-1,4
TACGTACTAGTGCTGA-1,0
TACGTGCAAGGTTCCT-1,8
TACGTGCACTATGCTG-1,8
TACGTTTACCGGCAAT-1,8
TACTCGGCACGCCGGG-1,9
TACTCTCCGAACAAAT-1,3
TACTCTTTCGTCTTCA-1,0
TACTGAACAGATTTAG-1,7
TACTGCAATCAATTAC-1,3
TACTGGACAGCTCGGC-1,9
TACTGTTTCTCTGGTA-1,8
TACTTGTTAGTAGTCC-1,9
TACTTTACTGAGCCGG-1,9
TAGAAACCACTAAGTA-1,9
TAGAAAGGTGGCGCTA-1,6
TAGAAATTCACGTATA-1,2
TAGAATTAAGGGCAAC-1,9
TAGACGAAACGCCAAT-1,0
TAGACGCCCGTACCGG-1,6
TAGACTACCTAGCGTT-1,9
TAGAGATCATGCAACT-1,7
TAGAGCTACGAAGAAC-1,8
TAGAGTCTAAGCGAAC-1,9
TAGATATGGACTGGAA-1,6
TAGATCCGAAGTCGCA-1,2
TAGATTCCTGGTTATT-1,9
TAGCAACCTGTCACAA-1,6
TAGCCATTTCAAAGTC-1,9
TAGCCGGCGGTCAGCG-1,3
TAGCGTCCCTCGATTG-1,8
TAGCGTCCGGTGTGGT-1,7
TAGCGTCGAATATTGA-1,6
TAGCGTTGGGTCTTAC-1,6
TAGCTAAGTCCGGGAG-1,8
TAGCTAGAAGGCATGA-1,2
TAGCTCAGATCCTAGT-1,3
TAGCTCGCCTGATAAC-1,9
TAGCTGATGTGAAGCG-1,2
TAGGAACAGCCTCCAG-1,5
TAGGCATGTTACGCCA-1,8
TAGGGAGCTTGGGATG-1,8
TAGGGTGTTTCAAGAG-1,9
TAGGTCCAAGTAAGGA-1,9
TAGGTCGCCGGAACTG-1,4
TAGGTGACGATAACCT-1,6
TAGGTGAGCCCTACTC-1,9
TAGGTGCTCGCCTAGC-1,6
TAGGTGTTCCACAGAT-1,5
TAGGTTCGAGTTCGTC-1,8
TAGTACCTTAGTGGTC-1,7
TAGTCCGCAGAGAATG-1,5
TAGTCGATCACGGGTT-1,8
TAGTCTAACAACGAGA-1,8
TAGTCTGTGACGTTGC-1,3
TAGTCTTTCCGAATTG-1,3
TAGTGCCCTCCAGAGT-1,8
TAGTGTCAGAAACGGC-1,3
TAGTTAAGATAGGATA-1,9
TAGTTTATTCTTGCTT-1,3
TATAAATCCACAAGCT-1,9
TATAAGTGAGGATAGC-1,9
TATACACAGACGCCTT-1,9
TATACACGCAAAGTAT-1,8
TATACCGAGTGCCACA-1,3
TATACGCGTCATCACT-1,5
TATAGATGGTCGCAGT-1,8
TATAGGGTACTCATGA-1,9
TATATCATTGATCAGT-1,8
TATATCCCTGGGAGGA-1,9
TATATTACAAATGTCG-1,3
TATATTCGCGTCGATA-1,6
TATCAAAGGTCTGTAA-1,5
TATCACCATGTAAAGT-1,3
TATCACCCAACCGACC-1,6
TATCACTTCGAGTAAC-1,8
TATCCATATCATGCGA-1,6
TATCCTGCATGGGAAT-1,8
TATCGATCTATGCATA-1,8
TATCGATGATTAAACG-1,9
TATCTACAGAGGTAAT-1,9
TATCTACCACAGCGGG-1,1
TATCTAGCCTAAAGGA-1,8
TATGAAGACAGGTGCG-1,9
TATGATAAATCTAACG-1,3
TATGATCCGGCACGCC-1,5
TATGCTCCCTACTTAC-1,8
TATGGATGTGCTACGC-1,3
TATGGCCCGGCCTCGC-1,9
TATGGCTAGGCTAATT-1,9
TATGGGACCGAGCAGG-1,9
TATGGGTACGTATCGT-1,9
TATGGTCTGAGTAACA-1,1
TATGGTTAGTGGGAGA-1,8
TATGTCAAGACCGACT-1,9
TATGTCTCATTGTGCC-1,6
TATTAACCTGACCGCG-1,7
TATTACCATCCTGCTT-1,5
TATTCCACTCAGCTCG-1,9
TATTCCTCCGCCCACT-1,7
TATTCGTGCCAGAATA-1,4
TATTGACATTTCTGCC-1,4
TATTTAGTCTAGATCG-1,2
TATTTATACCGAGTAG-1,6
TATTTGATTTGCACAG-1,7
TATTTGTTACCCTTTA-1,9
TCAAACAACCGCGTCG-1,8
TCAAACTTAGATTGTT-1,4
TCAAATTTGAGACTCA-1,4
TCAACAAAGATAATTC-1,0
TCAACATAGCGCCCTA-1,7
TCAACATCGACCGAGA-1,9
TCAACCATGTTCGGGC-1,9
TCAACGAGGAGACAAA-1,5
TCAACGCAGGAAATAA-1,4
TCAACGCGACCGGCAG-1,9
TCAACTAACGTATAAC-1,5
TCAAGAAATACTAGCT-1,3
TCAAGCTGCCTTGAAA-1,8
TCAAGGTTACTACACC-1,8
TCAATACAATTGCTGC-1,3
TCACAGCAAACTCGAA-1,0
TCACAGGGAATCGCAA-1,8
TCACAGGTTATTGGGC-1,8
TCACATCTTATCTGAT-1,8
TCACCCTCTTAAGATT-1,4
TCACCGCTCGGCACTC-1,3
TCACGCATTGTAGATC-1,9
TCACGGTCATCGCACA-1,9
TCACGTGCCCGATTCA-1,2
TCACTACGACCAATGC-1,8
TCACTCGTGCAACGGC-1,2
TCAGAACCTCCACAGG-1,6
TCAGACGCTATAGAAG-1,9
TCAGATGGAGACGTAG-1,1
TCAGGGCGCAAACTCG-1,3
TCAGGGTGCACGAAAC-1,3
TCAGGGTGTAACGTAA-1,8
TCAGGTTCTTTGAGAA-1,6
TCAGTACTGACCCGCG-1,8
TCAGTAGGGACTATAA-1,1
TCATACTTACAGATCC-1,5
TCATCACTCGAGCTCG-1,1
TCATCCCAGAGGGTGG-1,8
TCATGCAGGTTCTCAT-1,8
TCATTCGTATAATTTG-1,5
TCATTTAAGTCTCCGA-1,4
TCCAACTTTAAATTCT-1,3
TCCACAATGGTTTACG-1,6
TCCACTTTATCTAGGT-1,9
TCCAGAGCACCGGTTC-1,6
TCCAGATGTACGCCAA-1,8
TCCAGGCGAGTACGGT-1,9
TCCATTCCCACTAGAG-1,3
TCCATTGTGACCTCGT-1,8
TCCCAAACAGACAACG-1,8
TCCCAAAGACGAAGGA-1,9
TCCCAAAGCCCTAAAT-1,6
TCCCACTCTCTTCCGG-1,6
TCCCAGCACACGACAT-1,0
TCCCAGCTTTAGTCTG-1,8
TCCCAGGCTTAGCTAA-1,8
TCCCGCCTATGTGCGT-1,3
TCCCGCGTACTCCTGG-1,9
TCCCGGGTGTGCTGCT-1,9
TCCCGTCAGTCCCGCA-1,2
TCCCGTCGCGTCATAG-1,8
TCCCGTGTGCAATTTG-1,9
TCCCTAGATCAATAGG-1,8
TCCCTGGCTCGCTGGA-1,9
TCCCTTAGATTACTCG-1,8
TCCGAACGTTGCCGCT-1,3
TCCGAACTTGGCTTAC-1,2
TCCGAAGTAGTCACCA-1,2
TCCGAATGGTCCTGAG-1,6
TCCGATAATTGCCATA-1,9
TCCGATGACTGAGCTC-1,9
TCCGATGGTGCGACAT-1,8
TCCGATTACATTGCCG-1,9
TCCGCGGCAGCATCTG-1,8
TCCGCTGTCATCCCGG-1,9
TCCGCTTATCCCATTA-1,9
TCCGGAGGAAGGGCTG-1,3
TCCGGCCTAGCGTACA-1,8
TCCGGCTGTCGGGTCG-1,0
TCCGGGCTTGACGGGA-1,7
TCCGGTTCGTCCGGTC-1,7
TCCGTTTAGCCTTGAA-1,6
TCCTAACCGTCGGGCA-1,0
TCCTACATCCACGGCC-1,9
TCCTAGCAAAGAAGCT-1,9
TCCTATCATAGGTAAC-1,9
TCCTCGGGCTGGGCTT-1,9
TCCTCTACGAGATGGC-1,9
TCCTCTCCAGTTGTCC-1,1
TCCTCTGGCCCATTAG-1,1
TCCTGCCAACTGGAGA-1,8
TCCTGCGTTGATACTC-1,9
TCCTGGCGCTGCCTGG-1,1
TCCTTACGACGGTCCG-1,8
TCCTTCAATCCCTACG-1,6
TCCTTCAGTGGTCGAA-1,3
TCCTTTCTTACGCTTA-1,3
TCGAAATTTAGGACCA-1,1
TCGAAGAACCGAGCAC-1,5
TCGAGACCAACACCGT-1,0
TCGAGGGCAACAGACG-1,4
TCGATAGGCTAGTCGC-1,3
TCGCAAAGATGCATTT-1,9
TCGCACCAGGAGGCAG-1,9
TCGCATCCCTAAGTGT-1,3
TCGCCCAACTGACTCC-1,3
TCGCCCACTGCGAGAG-1,9
TCGCCGAAGTTGCGTC-1,0
TCGCCGACATATTCGC-1,6
TCGCCGGTCGATCCGT-1,9
TCGCGTCCAGAAGGTC-1,9
TCGCTAAACCGCTATC-1,8
TCGCTCGATATATTCC-1,6
TCGCTCGGCACCAGCG-1,3
TCGCTGGGCGGATTGT-1,8
TCGCTGTGCGTAAATC-1,1
TCGCTTAATTACGAAG-1,3
TCGCTTTAAACGTTTG-1,9
TCGGAATGACCATCAA-1,5
TCGGAATGCGCTCTGA-1,9
TCGGACGCCCAGCCCA-1,9
TCGGAGAGTATCGGGA-1,7
TCGGCGAACCCAAACC-1,8
TCGGGAACGTGCCTAG-1,3
TCGGGAGACAGCGTAC-1,0
TCGGGATTCAAACATA-1,9
TCGGGCCGTCGTGGTA-1,6
TCGGGTGAAACTGCTA-1,8
TCGGTCCCTGACTCCA-1,5
TCGGTGACCGCTCCGG-1,2
TCGGTTAGCCATGTAG-1,3
TCGTAAGACGACATTG-1,3
TCGTAAGCTCCGAGGA-1,8
TCGTATAGTGCAATTA-1,8
TCGTATTACCCATTGC-1,9
TCGTATTTCGTCCGGA-1,8
TCGTCACACTGTTAGC-1,8
TCGTCCGCTGGCGTCT-1,6
TCGTCCGGGTACACTC-1,2
TCGTGTACTATGGATG-1,9
TCGTGTATTGGTCACG-1,7
TCGTGTCACGCTGACA-1,8
TCGTTAGGAGTCCCTA-1,0
TCGTTCGTTATTATGT-1,8
TCGTTGACAGGGTCCC-1,3
TCGTTGCTATCCGGTC-1,7
TCTAACTGTATGTAAA-1,2
TCTACACGTTCATGCA-1,3
TCTACCGTCCACAAGC-1,8
TCTACGGGCTCAGTTG-1,8
TCTAGCAATCTCCGCC-1,7
TCTAGCATCTTCGATG-1,6
TCTAGCATGCCCAGAA-1,9
TCTAGGTGGCGACGCT-1,3
TCTAGTGATATCGTGG-1,9
TCTAGTTATCAGAAGA-1,9
TCTATCATGCAGTTAC-1,6
TCTATCGGTCGCAACA-1,8
TCTATGCTATAACGAC-1,7
TCTATTACGCTGGCGA-1,3
TCTATTACTAGAGGAT-1,9
TCTCATGAGATAGGGT-1,9
TCTCCAACGTAGGTTA-1,8
TCTCCACAAGTTGAAT-1,7
TCTCGAACGAGGTCAC-1,8
TCTCGACGTATCGCCG-1,8
TCTCGTGTTACGAGGA-1,0
TCTCTAATAGCTGGTA-1,8
TCTCTCGCCGCACATA-1,0
TCTGAACCGGTCGGCT-1,9
TCTGAACTCGTACCCG-1,8
TCTGAATTCCGTACAA-1,8
TCTGACGGGCTAACCC-1,8
TCTGATCGGGTGCTAG-1,3
TCTGATGTATTCTGTC-1,7
TCTGATTGGAAATGGA-1,2
TCTGCACCATTAGTAA-1,1
TCTGCCAGAAACTGCA-1,9
TCTGCGAATCGTTCGC-1,8
TCTGCTTAGAACAAGC-1,3
TCTGGAGCGTAAGAGT-1,2
TCTGGCCGTTCAAGTT-1,4
TCTGGCGCAAGCCGGG-1,6
TCTGGGAACCTTTGAA-1,8
TCTGGGTAGCGCTCAT-1,6
TCTGTCATACAAGAGC-1,7
TCTGTGATGGAGGTTG-1,3
TCTGTGCCATCATAGT-1,9
TCTGTTACCCAGCATA-1,3
TCTTACAGAGGTACCG-1,2
TCTTACCGGAACTCGT-1,8
TCTTACGGCATCCGAC-1,9
TCTTACTTATGCCTCT-1,9
TCTTAGAGCTCCAATT-1,5
TCTTAGAGTGAACTCT-1,6
TCTTCCCATGGGCACA-1,9
TCTTCGAATAGACGTT-1,6
TCTTCGATACCAATAA-1,4
TCTTCTATAACCCGCC-1,8
TCTTGATGCGTAGCGA-1,9
TCTTGGTAACACCAAA-1,9
TCTTTAAGACTATGAA-1,2
TCTTTAGAGTCTAACA-1,3
TCTTTAGCAGGCGAAC-1,6
TCTTTCCTTCGAGATA-1,0
TCTTTCTCTTAAGGAG-1,9
TGAAACTTATGCAAGC-1,8
TGAAAGGACCTGACTC-1,3
TGAACTGCTATGACTT-1,3
TGAATACCGACGCGTA-1,7
TGAATATGCTATAAAC-1,3
TGAATGAGATACAGCA-1,3
TGAATGTCAGCCGGCC-1,8
TGAATTTCACTTGCCT-1,9
TGACAACGCATGTCGC-1,1
TGACACTTCTCTTTGC-1,6
TGACATATATGACGAT-1,3
TGACATCGAGCGGACC-1,2
TGACCAGCTTCAAAGT-1,6
TGACCCACGTTAGACA-1,9
TGACCCAGCATTCCCG-1,5
TGACGAATATTTCCCT-1,7
TGACGATGCACTAGAA-1,2
TGACTATAATCCTTTC-1,6
TGAGAATGCTTTACCG-1,6
TGAGACGTACCTCTCA-1,3
TGAGAGATTTACCACG-1,9
TGAGATCAAATACTCA-1,8
TGAGATTAGGCCCTAA-1,3
TGAGCCATACAGTCTC-1,9
TGAGCTCAACTGTATA-1,0
TGAGCTTTAATGACGC-1,9
TGAGTAAATTAGCGTA-1,6
TGAGTGCCTCTTAAAT-1,4
TGAGTGGTCCGTGACG-1,6
TGAGTTAAAGACATTC-1,8
TGATACATTTAGCCGT-1,7
TGATAGCGGGATTCTA-1,3
TGATCAGGGAACTGCT-1,2
TGATCCCAGCATTAGT-1,8
TGATCGGTTTGACCCT-1,9
TGATCTACGCTGATCT-1,9
TGATCTCCGGCGCCAG-1,8
TGATGGCTGTTTCTGA-1,3
TGATGTCAATTAAGTG-1,0
TGATTATGGCACGCAG-1,6
TGATTCGTCTATCACT-1,2
TGATTCTGTCGCCGGT-1,5
TGATTTATTAGCTGTG-1,9
TGATTTCCTCCTGACG-1,8
TGCAACCCATCTGCGG-1,7
TGCAAGAATGACGTAA-1,6
TGCAATCTAACACGGT-1,6
TGCAATTTGGGCACGG-1,8
TGCACAGTGAAGTTAT-1,8
TGCACGAGTCGGCAGC-1,3
TGCAGAACTATATCGT-1,6
TGCAGAGTACCGAGCA-1,9
TGCAGATCGTCCTAGG-1,5
TGCAGCTACGTACTTC-1,9
TGCAGGATCGGCAAAG-1,8
TGCAGTGAGGCTCGGG-1,8
TGCAGTTTCCTCCCAT-1,5
TGCATATGTCTGTCAC-1,9
TGCATGGATCGGATCT-1,6
TGCATGTGGTAATCTA-1,8
TGCCAAAGTCAGACTT-1,6
TGCCACACTAGAGGAA-1,9
TGCCACCTGGCGAAAC-1,6
TGCCAGTACGTGGAGA-1,9
TGCCATGGCTTATAAG-1,8
TGCCATTACTAAAGAA-1,8
TGCCCGTACCGTTAAA-1,9
TGCCGAAAGCGTATTC-1,8
TGCCTAAATTTAATAG-1,1
TGCCTGATCAAACGAT-1,9
TGCCTTGGCCAGGCAA-1,7
TGCGAATATGGGATTT-1,7
TGCGACACCCTAGTGC-1,7
TGCGAGAATATTACCC-1,7
TGCGAGATGGCGGCCA-1,3
TGCGAGCCCTTCCGCG-1,8
TGCGCAAAGCATTTGG-1,5
TGCGCCGTTAATAACG-1,8
TGCGCGATTAACGGAG-1,8
TGCGGAGTAAAGGTGC-1,4
TGCGGCATAGTTCAAC-1,3
TGCGGTGAAATTTCAT-1,9
TGCGTAAGAACCTGAT-1,7
TGCGTTTGTTGACACT-1,9
TGCTCCACAGTTCTTA-1,8
TGCTCTGCCGGTTCAC-1,1
TGCTGCGTCAGAGTTA-1,3
TGCTGGTTGGACAATT-1,6
TGCTGTTGAAGAACTC-1,6
TGGAACCACTGACACA-1,8
TGGAAGAAGGGAACGT-1,9
TGGAAGACGAACACCA-1,9
TGGAAGGATAAAGATG-1,8
TGGAATATCCTTGACC-1,3
TGGAATTAGACGCTTT-1,2
TGGACCAATCTAAGAT-1,7
TGGACTGTTCGCTCAA-1,2
TGGAGCTAAAGTTCCC-1,3
TGGAGGGAAACACCTC-1,3
TGGAGTGATGCGATGA-1,6
TGGCAAACTAAATTAC-1,9
TGGCAACTCGCGCGCC-1,8
TGGCACGAGCTCGAGT-1,3
TGGCAGATTACGATCA-1,8
TGGCAGCAGTAATAGT-1,1
TGGCCAAACTGAAGTA-1,8
TGGCCGTATATTGACC-1,9
TGGCGATCAAGTTATG-1,9
TGGCTATGTGACATAC-1,6
TGGCTCTTGTCGCGTA-1,5
TGGCTTGTACAAGCTT-1,8
TGGCTTTGGGTAGACA-1,8
TGGGAAATGCCTTTCC-1,9
TGGGATGCACTCATTC-1,8
TGGGCAATAGTTGGGT-1,8
TGGGCACAAACAGAAC-1,3
TGGGCACGTTCTATGG-1,9
TGGGCAGGCCACCGCA-1,7
TGGGCCACAAGAGCGC-1,3
TGGGCCCATACTAATT-1,6
TGGGTAAGGTTCCCGC-1,5
TGGGTGGGATGTCATT-1,1
TGGTAAGCAGGATTGA-1,8
TGGTAGAATATATGGG-1,9
TGGTATCGCATCCCAA-1,9
TGGTATCGGTCTGTAT-1,3
TGGTCCCACGCTACGG-1,7
TGGTCGTGCAAGGCAA-1,8
TGGTCTGTTGGGCGTA-1,9
TGGTGATCGTATTTGT-1,3
TGGTTAAGGGCGCTGG-1,3
TGGTTCAACGGGTAAT-1,9
TGGTTCGTAGCAAAGG-1,8
TGGTTGGAGGATCCTG-1,8
TGGTTTAAACGTGGGT-1,8
TGTAATGACCACAATA-1,8
TGTAATGCCTTCGGAC-1,5
TGTACCTACACGAGGG-1,7
TGTACGAACAAATCCG-1,5
TGTACTACTCTCACGG-1,8
TGTAGGAGAAATTTCC-1,8
TGTAGTGATCTATAAT-1,9
TGTATAACAGATCCTG-1,8
TGTATACGGATGATGA-1,3
TGTATCAGACTGAAGC-1,3
TGTATCCTTATTCCAT-1,5
TGTATGGCGCAGACAG-1,2
TGTATTTACCTAATGC-1,5
TGTCATTTGTTGGGAA-1,8
TGTCCCGACATAGCAC-1,8
TGTCCGTGGCGCCTTT-1,2
TGTCCTAAGTCACCGC-1,9
TGTCTACAGTTTCTGT-1,8
TGTGACTACGCCAGTC-1,6
TGTGCTTTACGTAAGA-1,9
TGTGGACTATCTACGT-1,3
TGTGGCAAAGCGTATG-1,6
TGTGGCTCCCACCAAC-1,8
TGTGTAGTAGCACGTG-1,0
TGTGTCGAAGTCGAGG-1,8
TGTGTCGCGAGTTGCA-1,6
TGTGTTCGTATCCAAG-1,9
TGTTATTGTATGTGGC-1,6
TGTTCATAAATGTGCT-1,3
TGTTCCGCTTCCATGA-1,8
TGTTCGTATTGCGGTG-1,9
TGTTCTCTACTCCCTA-1,3
TGTTCTTCCATTGACT-1,9
TGTTGCCGTCGTCCCA-1,8
TGTTGTCAAGAAGTCT-1,8
TGTTTAATACTTCATC-1,9
TGTTTCGGTACTTCTC-1,2
TGTTTGAGATCGTCAG-1,8
TTAAACCGGTAGCGAC-1,6
TTAAACCTGGTTCCTT-1,3
TTAAACTCGAATTCAT-1,9
TTAACACCTCGAACAT-1,6
TTAACCAACCCTCCCT-1,9
TTAACGAACAAGCAGT-1,8
TTAACGTCGCAAGACC-1,3
TTAACGTTAAAGCCTG-1,8
TTAACTCACGCGTGGA-1,3
TTAACTTCAGGTAGGA-1,4
TTAAGACGAACGAACC-1,8
TTAAGATAGGATTGAC-1,2
TTAAGCCGACAACTTC-1,4
TTAAGCGCCTGACCCA-1,1
TTAAGTATTGTTATCC-1,3
TTAATCAGTACGTCAG-1,6
TTAATGTAGACCAGGT-1,4
TTAATTGCTTTGGGTG-1,7
TTAATTTCAGACGCGG-1,6
TTACAACTACGCATCC-1,1
TTACAGACCTAAATGA-1,2
TTACATCGTGGCCTGG-1,9
TTACATGCCACAACTA-1,8
TTACCATTGATTACCC-1,9
TTACCCATTGCCGGGT-1,6
TTACCCTAACAGTCCT-1,8
TTACCCTAGGGATTGG-1,5
TTACGGATGGTTCGAG-1,8
TTACTAAAGGACTTTA-1,9
TTACTATCGGCTTCTC-1,8
TTACTCCGGCCGGGAA-1,9
TTACTCTGGTACGTAC-1,9
TTACTGGGATATTTCA-1,5
TTACTGTCTAGAGCTC-1,8
TTAGAAGAACATGACT-1,7
TTAGACACGATCGTTG-1,6
TTAGACGAGTCACCTC-1,9
TTAGAGTTTAGAAGGA-1,9
TTAGCTAATACGATCT-1,6
TTAGCTCTGTAATCCG-1,2
TTAGCTGATTTGCCGT-1,4
TTAGGATGGGAGGGTA-1,1
TTAGTAAACCTGCTCT-1,7
TTAGTAGGGCGGCGGG-1,9
TTAGTTATTCGTGGCA-1,6
TTAGTTCAAGTGTTCG-1,8
TTATAGGTAATTGTCT-1,7
TTATAGTCCAAGGTGC-1,3
TTATATACGCTGTCAC-1,4
TTATATTTGGCAATCC-1,6
TTATCCAATCGAACTC-1,3
TTATCCGGGATCTATA-1,7
TTATCGCCTGCGAAGC-1,9
TTATCTGTATCATAAC-1,5
TTATGAATGAAAGGGA-1,8
TTATGACAAACTGGAT-1,9
TTATGATCTTAACGAA-1,8
TTATGTTTGCGATAGA-1,8
TTATTAGAGCGTGTTC-1,6
TTATTAGGGAAGCATC-1,5
TTATTATCTGGAAGGC-1,7
TTCAACGACCCGACCG-1,9
TTCAAGCCGAGCTGAG-1,2
TTCAATACTCTGAATC-1,9
TTCAATTAGCCATAAT-1,8
TTCACGAAAGGATCAC-1,2
TTCAGCCCTGGTCCAC-1,9
TTCAGGCGTCAAAGCC-1,9
TTCAGTTTGTGGCAGC-1,3
TTCATGGCGCAACAGG-1,6
TTCCAATCAGAGCTAG-1,8
TTCCAATCTGGCTATC-1,7
TTCCACACAGATTTGA-1,7
TTCCAGACGAGATTTA-1,6
TTCCATCATGCGGTGA-1,8
TTCCGCAGAGAAATAT-1,3
TTCCGCGTGAGGCGAT-1,8
TTCCGGCCTTGAGGCT-1,3
TTCCGGCTCGACTTCT-1,8
TTCCGGTATCTGTGTC-1,6
TTCCGGTTACCCACTT-1,9
TTCCTCGAGGGTGTCT-1,9
TTCCTCGGACTAACCA-1,9
TTCCTCTGCCCGAATA-1,9
TTCGACAGAGCCCGTG-1,7
TTCGACGGGAAGGGCG-1,9
TTCGAGCCGGCGCTAC-1,3
TTCGCACTCGCGTGCT-1,9
TTCGCACTGTACGACA-1,0
TTCGCGCGCCATACGA-1,0
TTCGCTAGGAAGTTGT-1,2
TTCGCTATCTGACGTG-1,8
TTCGGACTGATGCCTT-1,6
TTCGGCAACCCGCTGA-1,8
TTCGGCTAGAGATGGT-1,3
TTCGGGACTAATCGCG-1,9
TTCGGTGGAGACGCCC-1,8
TTCGTAATCCCAGCGG-1,8
TTCGTACTCCAGAACG-1,9
TTCGTGGGCTGGAAGC-1,1
TTCGTTCAACGAAGTT-1,8
TTCTAACCGAAGCTTA-1,8
TTCTACCTTTATGTTG-1,8
TTCTACTTGCGAGGGC-1,9
TTCTAGGCCAATTGTG-1,9
TTCTATGCCTTTCGCA-1,8
TTCTGACCGGGCTCAA-1,7
TTCTGCCGCGCCTAGA-1,2
TTCTGCGAGCGCCCTT-1,6
TTCTGCGGGTTAGCGG-1,8
TTCTGCTAGACTCCAA-1,8
TTCTTAGTGAACGGTG-1,8
TTCTTAGTGGCTCAGA-1,9
TTCTTATCCGCTGGGT-1,8
TTCTTGAGCCGCGCTA-1,5
TTCTTGCTAGCATCTC-1,8
TTCTTGGACGATCTGC-1,0
TTCTTGGAGTAATGAG-1,8
TTCTTGTAACCTAATG-1,2
TTCTTGTGTCCATCAG-1,8
TTCTTTGGTCGCGACG-1,8
TTGAAAGGTGTAAAGG-1,8
TTGAACGACGTGCTGA-1,7
TTGAAGAATTCCCAGG-1,9
TTGAATTCACGTGAGG-1,6
TTGACAGGAGCTCCCG-1,9
TTGACATGAACGTGGA-1,7
TTGACCAGGAACAACT-1,7
TTGACCATGTTCTCCG-1,8
TTGACCGTGTTAATGA-1,4
TTGACGATTCAGCACG-1,9
TTGACGCTCCATGAGC-1,8
TTGACTACCATATGGT-1,7
TTGACTATTGTCCGGC-1,8
TTGAGAGTACTGCTAA-1,7
TTGAGCAGCCCACGGT-1,6
TTGAGCGCCACGTGAT-1,6
TTGAGGCATTTAACTC-1,3
TTGAGTCCCGCTGCTG-1,3
TTGATAGTCAATACAT-1,8
TTGATCTAACTTTGTC-1,9
TTGATGTGTAGTCCCG-1,9
TTGATTAGCTGTTTCT-1,7
TTGATTATGCAGATGA-1,8
TTGCACAATTCAGAAA-1,8
TTGCACGGAGCAGCAC-1,2
TTGCATGCTGATCACG-1,6
TTGCCAAGCAGAACCC-1,6
TTGCCCTGATCACGGG-1,9
TTGCCGCTTTCTAGTA-1,7
TTGCCGGTGATCCCTC-1,3
TTGCGGCATCAGAAAG-1,6
TTGCGTAGTTTGAGGA-1,8
TTGCGTCGGCCAACCG-1,7
TTGCGTGAACGCTTAG-1,2
TTGCTCCCATACCGGA-1,6
TTGCTGAAGGAACCAC-1,3
TTGCTGATCATGTTCG-1,9
TTGCTGCACCTATCCA-1,6
TTGCTGGCCGGGCTTC-1,8
TTGGACATGTGGCTTA-1,9
TTGGAGTCTCCCTTCT-1,5
TTGGATATCGTCTACG-1,7
TTGGATCGACTTCTGG-1,8
TTGGATTGGGTACCAC-1,3
TTGGCCTAGAATTTCG-1,6
TTGGCGATCCGAATAT-1,4
TTGGCTCGCATGAGAC-1,6
TTGGGACACTGCCCGC-1,8
TTGGGCGGCGGTTGCC-1,6
TTGGGTTTATTCAGCG-1,3
TTGGTATGGCTTGTGT-1,3
TTGGTCACACTCGTAA-1,0
TTGGTTCGCTCAAAGG-1,2
TTGTAAGGACCTAAGT-1,6
TTGTAAGGCCAGTTGG-1,8
TTGTAATCCGTACTCG-1,8
TTGTATCACACAGAAT-1,8
TTGTCGTTCAGTTACC-1,8
TTGTGAGGCATGACGC-1,9
TTGTGCAGCCACGTCA-1,7
TTGTGGCCCTGACAGT-1,2
TTGTGGTATAGGTATG-1,8
TTGTGGTGGTACTAAG-1,7
TTGTGTTTCCCGAAAG-1,9
TTGTTAGCAAATTCGA-1,6
TTGTTCAGTGTGCTAC-1,2
TTGTTGTGTGTCAAGA-1,2
TTGTTTCACATCCAGG-1,7
TTGTTTCCATACAACT-1,2
