,SpatialGlue
AAACAATCTACTAGCA-1,4
AAACACCAATAACTGC-1,1
AAACAGAGCGACTCCT-1,2
AAACAGTGTTCCTGGG-1,1
AAACCGGGTAGGTACC-1,3
AAACCGTTCGTCCAGG-1,1
AAACGAAGAACATACC-1,1
AAACGAGACGGTTGAT-1,2
AAACGGTTGCGAACTG-1,1
AAACTCGGTTCGCAAT-1,1
AAACTGCTGGCTCCAA-1,3
AAAGACCCAAGTCGCG-1,1
AAAGGCCCTATAATAC-1,6
AAAGGCTACGGACCAT-1,4
AAAGGCTCTCGCGCCG-1,4
AAAGGGATGTAGCAAG-1,1
AAAGGGCAGCTTGAAT-1,4
AAAGTAGCATTGCTCA-1,4
AAAGTCACTGATGTAA-1,1
AAAGTGTGATTTATCT-1,5
AAAGTTGACTCCCGTA-1,5
AAATAACCATACGGGA-1,2
AAATACCTATAAGCAT-1,4
AAATAGCTTAGACTTT-1,6
AAATAGGGTGCTATTG-1,5
AAATCGTGTACCACAA-1,4
AAATGCTCGTTACGTT-1,4
AAATGGCATGTCTTGT-1,4
AAATGGTCAATGTGCC-1,3
AAATGTGGGTGCTCCT-1,1
AAATTAACGGGTAGCT-1,3
AAATTACACGACTCTG-1,2
AAATTACCTATCGATG-1,2
AAATTGATAGTCCTTT-1,4
AAATTTACCGAAATCC-1,1
AAATTTGCGGGTGTGG-1,1
AACAACTGGTAGTTGC-1,3
AACAATACATTGTCGA-1,6
AACAATTACTCTACGC-1,4
AACACACGCTCGCCGC-1,5
AACACGACTGTACTGA-1,1
AACACGAGACGCGGCC-1,3
AACACGCGGCCGCGAA-1,1
AACAGCTGTGTGGCAA-1,4
AACAGGAAATCGAATA-1,4
AACAGGATGGGCCGCG-1,4
AACATATCAACTGGTG-1,2
AACATTGAAGTTGATC-1,1
AACCAAGACTTCTCTG-1,3
AACCAGTATCACTCTT-1,1
AACCATGGGATCGCTA-1,1
AACCCAGAGACGGAGA-1,1
AACCCGACAACCCGTG-1,4
AACCCGCTGTATTCCA-1,1
AACCCTACTGTCAATA-1,6
AACCCTGGTGGAACCA-1,4
AACCGAGCTTGGTCAT-1,2
AACCGCTAAGGGATGC-1,5
AACCGTTGTGTTTGCT-1,1
AACCTAAAGCCGTCCG-1,1
AACCTTTAAATACGGT-1,4
AACCTTTACGACGTCT-1,2
AACGATAATGCCGTAG-1,4
AACGATAGAAGGGCCG-1,1
AACGATATGTCAACTG-1,2
AACGCGAACGGCAACA-1,4
AACGCGACCTTGGGCG-1,4
AACGCGGTCTCCAGCC-1,2
AACGCTGTTGCTGAAA-1,5
AACGGACGTACGTATA-1,5
AACGGCCATCTCCGGT-1,3
AACGTACTGTGGGTAC-1,3
AACGTAGTCTACCCAT-1,1
AACGTCAGACTAGTGG-1,1
AACGTGATGAAGGACA-1,2
AACGTGCGAAAGTCTC-1,5
AACTAGCGTATCGCAC-1,4
AACTAGGCTTGGGTGT-1,4
AACTCAAGTTAATTGC-1,3
AACTCCTAATCCCATG-1,6
AACTCGATGGCGCAGT-1,1
AACTCTCAATAGAGCG-1,6
AACTCTCAGTGTGCTC-1,4
AACTGATATTAGGCCT-1,4
AACTGGGTCCCGACGT-1,2
AACTGGGTTCGAGCCG-1,1
AACTGGTGTGGGCCTT-1,1
AACTTCTGCGTCTATC-1,1
AACTTGCCCGTATGCA-1,4
AACTTGCGTTCTCGCG-1,1
AACTTTAGCTGCTGAG-1,1
AAGAAGGATCAGTTAG-1,1
AAGACCCAACTGAACA-1,4
AAGACTAACCCGTTGT-1,1
AAGACTGCAAGCTACT-1,3
AAGAGATGAATCGGTA-1,4
AAGAGCTCTTTATCGG-1,5
AAGAGGATGTACGCGA-1,3
AAGAGGCATGGATCGC-1,5
AAGATGGCACCGGACC-1,4
AAGATTGGCGGAACGT-1,2
AAGCACCCTGCGTATC-1,4
AAGCATACTCTCCTGA-1,4
AAGCCGCCGTGAAATC-1,6
AAGCGCAGGGCTTTGA-1,1
AAGCGGCGTCATGGGT-1,6
AAGCGTCCCTCATCGA-1,4
AAGCTAGATCGAGTAA-1,4
AAGCTCGTGCCAAGTC-1,5
AAGCTCTTTCATGGTG-1,5
AAGGAGAACTTATAAG-1,4
AAGGAGCGGTTGGTGC-1,3
AAGGATCGATCGCTTG-1,6
AAGGATGAGGGACCTC-1,2
AAGGCGCGTAAAGCTT-1,4
AAGGCTGTGCTCATCG-1,3
AAGGGAACGACTGGCT-1,6
AAGGGACAGATTCTGT-1,2
AAGGGACTATGCATTC-1,4
AAGGTATCCTAATATA-1,2
AAGGTGATAAACCAGC-1,5
AAGTAAGCTTCCAAAC-1,1
AAGTAGAAGACCGGGT-1,1
AAGTAGTGACGCGAGG-1,3
AAGTCAATTGTCGTCA-1,5
AAGTGACGACCGAATT-1,3
AAGTGCGTTAGAATCT-1,1
AAGTGCTTCTCTATTG-1,4
AAGTGTTTGGAGACGG-1,5
AAGTTCACTCCAAGCT-1,5
AAGTTCGGCCAACAGG-1,1
AAGTTTACTAATGGCA-1,1
AAGTTTATGGGCCCAA-1,1
AATAACAACGCTCGGC-1,3
AATAACACTAGAACAA-1,4
AATAAGTCCTCGAGAC-1,4
AATACAATGTTTCAGG-1,4
AATACCGGAGGGCTGT-1,4
AATAGAACAGAGTGGC-1,4
AATAGAATCTGTTTCA-1,4
AATAGTCCGTCCCGAC-1,4
AATATCAAGGTCGGAT-1,1
AATATCGAGGGTTCTC-1,2
AATATTGGAGTATTGA-1,3
AATCAGGTTTCATTTA-1,4
AATCCAAGGGCCTGAG-1,1
AATCCATGCAAGGGTG-1,1
AATCGCCTCAGCGCCA-1,5
AATCGGGACACTACGA-1,1
AATCTGCGTTGGGACG-1,2
AATGACAGCAATGTCT-1,3
AATGACGTAGGATGTC-1,5
AATGACTGTCAGCCGG-1,1
AATGAGTTCGCATATG-1,1
AATGATGATACGCTAT-1,2
AATGATGCGACTCCTG-1,2
AATGCAACCGGGTACC-1,4
AATGCACCAAGCAATG-1,2
AATGGTTCTCACAAGC-1,1
AATGTGCCCGAGGTGT-1,4
AATGTGCTAATCTGAG-1,4
AATTAAAGGTCGGCGT-1,4
AATTAACGGATTTCCA-1,4
AATTAGCGCTGCAGCG-1,4
AATTCATAAGGGATCT-1,2
AATTCGATTCGAGGAT-1,1
AATTCTAGAGTTAGGC-1,4
AATTGAACGCTCTGGT-1,5
AATTTGGGACATAGTA-1,2
AATTTGGTTCCAAAGA-1,4
ACAAACCGACAAGGCG-1,1
ACAAACTCCATCAGAG-1,1
ACAAATCGCACCGAAT-1,5
ACAAATGGTAGTGTTT-1,5
ACAACAGCATGAGCTA-1,1
ACAACGGTCCCTGCGA-1,4
ACAAGCAGTGCCTAGC-1,4
ACAAGGAAATCCGCCC-1,4
ACAAGGACAAGAGGTT-1,4
ACAAGGGCAGGCTCTG-1,5
ACAATCCATTTAAACC-1,3
ACAATCGATCTTTATA-1,4
ACAATGAATACGGAGA-1,4
ACAATTGTGTCTCTTT-1,5
ACAATTTGAGCAGTGG-1,2
ACACAAAGACGGGTGG-1,1
ACACACCAGGACCAGT-1,5
ACACACTTTCTACACG-1,4
ACACATTTCCGTAGAC-1,1
ACACCCAGCATGCAGC-1,1
ACACCCGAGAAATCCG-1,1
ACACCTTAAGTAGGGC-1,1
ACACCTTACTACTTGC-1,6
ACACGAGACTCCTTCT-1,1
ACACGGCACTATGCAT-1,4
ACACGGGAACTTAGGG-1,2
ACACTCCAATGTCACT-1,1
ACACTGATCAAGGTGT-1,4
ACAGAACTGAGAACAA-1,1
ACAGATTAGGTTAGTG-1,1
ACAGCATAGAGCCAGT-1,3
ACAGCGCACCCGCAGC-1,2
ACAGGCTTGCCCGACT-1,5
ACAGGTGGAGGTGAGG-1,4
ACATAATAAGGCGGTG-1,2
ACATCCCGGCCATACG-1,3
ACATCCTGGTAACTGT-1,4
ACATCGATCGTTTACC-1,3
ACATCGGTCAGCCGCG-1,3
ACATCGTATGCAATGG-1,5
ACATCGTTAACCTAGT-1,4
ACATCTCAACGCGTAA-1,4
ACATGGCGCCAAAGTA-1,6
ACATTAGTTTATATCC-1,4
ACCAAACTAGAAATCC-1,4
ACCAACGCTTATTTAT-1,4
ACCAAGAACGCGTGTC-1,1
ACCAATATGCAAGTTA-1,5
ACCACAACTCAGAACA-1,4
ACCACAAGTTTCTATC-1,3
ACCACCAATGTAACAA-1,6
ACCACGTGCAGCTATA-1,4
ACCAGCCCGGTCTTTG-1,4
ACCAGGAGTGTGATCT-1,1
ACCAGTGCGGGAGACG-1,5
ACCATATCCGCAATAA-1,3
ACCATCGTATATGGTA-1,3
ACCCAACGCCCGTGGC-1,2
ACCCACCTACATGCTC-1,4
ACCCATCTTGAGGGTA-1,3
ACCCGAGCGAAATTAC-1,6
ACCCGATTGGTTCCGA-1,4
ACCCGGAAACTCCCAG-1,4
ACCCGGATGACGCATC-1,6
ACCCGGTTACACTTCC-1,4
ACCCGTGTCATCAGTA-1,4
ACCCTATAGGACTGAG-1,1
ACCCTATGCCATATCG-1,4
ACCCTCCCTTGCTATT-1,5
ACCCTTCATCTGCGAA-1,1
ACCCTTTAGTTCTCCA-1,4
ACCGAAAGGGCCCTGC-1,1
ACCGACACATCTCCCA-1,4
ACCGACTGAGTCCCAC-1,1
ACCGATGGTAGCATCG-1,6
ACCGCAATAACTGCCT-1,4
ACCGCGGTGGAAGTCG-1,5
ACCGCTAGTCATTGGT-1,1
ACCGGGCCTTTGTTGA-1,5
ACCGTGACCACGTGGG-1,6
ACCGTTCCCGCTCTGA-1,1
ACCTAAGTACCTTTCA-1,1
ACCTAATCGACTTCCT-1,3
ACCTACTATAAATCTA-1,4
ACCTTTCCTTTAGAAG-1,1
ACGAAATGGGCGGCAC-1,3
ACGACTGGTCATACTC-1,6
ACGAGAACCCATCACG-1,1
ACGAGATATTTGCTTA-1,6
ACGAGTACGGATGCCC-1,2
ACGATACATAGAACTA-1,2
ACGATCATACATAGAG-1,1
ACGATCATCTTGTAAA-1,6
ACGATGCATATGTTAT-1,3
ACGATGGATCCGATGC-1,4
ACGCAAACTAATAGAT-1,4
ACGCATTCGTGAGTAC-1,3
ACGCCAGATGATTTCT-1,2
ACGCCCAGCTGTCGAT-1,1
ACGCCGCTAGACGACC-1,3
ACGCGAAGTCAGACGA-1,4
ACGCGCTACACAGGGT-1,3
ACGCGGGCCAAGGACA-1,3
ACGCTAGTGATACACT-1,2
ACGCTTAGTGTCTCTC-1,4
ACGGAATTTAGCAAAT-1,4
ACGGACTCTCAAAGCG-1,1
ACGGATGGTGCGGATA-1,5
ACGGCACTTGCTTGGG-1,4
ACGGCCAACATGGACT-1,4
ACGGCGACGATGGGAA-1,5
ACGGCGGGTTGCCCTG-1,1
ACGGGAGTGTCGGCCC-1,1
ACGTACAGATTTCTCT-1,4
ACGTACTTTGGCACGG-1,1
ACGTAGATTGCTGATG-1,3
ACGTAGGAGAGTCGCT-1,1
ACGTATTACTCCGATC-1,6
ACGTCCTAAACGAGAT-1,1
ACGTGCGCCTCGTGCA-1,4
ACGTGGTCGAATGTGC-1,4
ACGTTAATGTCGAAGA-1,3
ACGTTAGATTTGCCCG-1,3
ACGTTCACTATGCCGC-1,1
ACGTTCCGCGCTCCGT-1,1
ACGTTCGTTCAGGAAA-1,4
ACGTTTAGTTGTGATC-1,4
ACTACAAAGAGAGGTG-1,1
ACTACATCCCGACAAG-1,6
ACTACCAGCTCTCTGG-1,1
ACTACGCGTTAGAATT-1,4
ACTATCCAGGGCATGG-1,6
ACTATGTCCAGCTGCC-1,6
ACTATTCGTCCGTGGT-1,2
ACTATTTCCGGGCCCA-1,4
ACTCAACGAATGTATT-1,1
ACTCAATAAAGGCACG-1,2
ACTCAGACCTGCTTCT-1,1
ACTCCAATATCATCAT-1,6
ACTCCCGAATTCGTTT-1,2
ACTCCCTAATGCTAAA-1,1
ACTCCCTAGAATAGTA-1,4
ACTCGTAACCCGTCCT-1,1
ACTCGTCAGTAATCCC-1,5
ACTCTCTGACTTAGGT-1,5
ACTCTCTTATACACGA-1,2
ACTCTTGTATAGTAAC-1,3
ACTGAATGGCGAAAGT-1,5
ACTGATTTAGTGATTC-1,4
ACTGCCCGCCATTCTC-1,1
ACTGCCGTCGTAACTC-1,2
ACTGGGATGCCAGTGC-1,1
ACTGTACGATACACAT-1,2
ACTGTAGCACTTTGGA-1,4
ACTGTATACGCGAGCA-1,4
ACTGTCCAGGATTATA-1,3
ACTGTCTTCTTTAGAA-1,1
ACTGTGCTAGTAGATC-1,1
ACTGTTTAGTGTAGGC-1,4
ACTTACCGGGCGCGCA-1,6
ACTTACGCATCCACGC-1,4
ACTTAGTACGACAAGA-1,1
ACTTATACTTACCCGG-1,6
ACTTATTAGGATCGGT-1,3
ACTTATTTATGTGCCA-1,5
ACTTCAGGCTGATCCC-1,5
ACTTCGCCATACGCAC-1,2
ACTTGACTCCCTCTTT-1,3
ACTTGCCATATTGTAC-1,1
ACTTGGGACCCGGTGG-1,3
ACTTGTTACCGGATCA-1,1
ACTTTACCCTCATGAA-1,2
ACTTTCCTATAGCTTC-1,1
AGAACGTGGTACATTC-1,2
AGAAGAGCGCCGTTCC-1,6
AGAAGGTTGCCGAATT-1,4
AGAAGGTTGTAGGTCG-1,1
AGAAGTGATTCGTGAT-1,1
AGAATTATGGATTCGA-1,2
AGAATTGTTTGACATA-1,4
AGACATAGATCCTTCC-1,1
AGACCATGGGATACAA-1,4
AGACCCACCGCTGATC-1,4
AGACCCGCCCTCCTCG-1,1
AGACGAAGTGCCGGTC-1,5
AGACGACGATGCCGCT-1,4
AGACGGGATTGGTATA-1,1
AGACTAGCCTTCCAGA-1,3
AGACTGTTACCGGGTC-1,4
AGAGAAACACCAGAAA-1,4
AGAGAACCGTCTAGGA-1,2
AGAGAAGGAGTACAAT-1,6
AGAGCAGTTATGAGAC-1,6
AGAGCGGGCTAATCAT-1,4
AGAGCGTACAAGCTCG-1,4
AGAGGTATCTCGGTCC-1,1
AGATAACTTCAGGGCC-1,3
AGATACCGGTGTTCAC-1,3
AGATACGACTTCATAT-1,4
AGATACTCAAGATCGA-1,5
AGATATAATACGACTA-1,1
AGATCGTGCATAAGAT-1,2
AGATCTCAGGTGTGAT-1,2
AGATGACTCGCCCACG-1,1
AGATGAGGGTTGCGAT-1,2
AGATGATGGAGTCTGG-1,6
AGATGCAAGACGTGCA-1,4
AGATTATAGGACGTTT-1,3
AGCAAAGGCCGCTAGT-1,4
AGCAACATATCTTATT-1,5
AGCAACCGAAAGTAAT-1,1
AGCACACGTTTAGACT-1,1
AGCACCAGTACTCACG-1,1
AGCACTACCTCACCAG-1,5
AGCACTTAAGGACGCC-1,3
AGCAGAAGGAGAAAGA-1,4
AGCAGCCAGATGAATA-1,4
AGCATATCAATATGCT-1,5
AGCATCGTCGATAATT-1,1
AGCCAAGCTTTGTGTC-1,4
AGCCACTCCCGTGCTT-1,2
AGCCATATAGTATGTG-1,1
AGCCCATACATGTAAG-1,3
AGCCCGCAACAAGCAG-1,1
AGCCCGGCATTAGAGG-1,6
AGCCCTAAGCGAAGTT-1,4
AGCCCTCCCTGGTGGC-1,1
AGCCGTGGCTAAATGT-1,1
AGCGACAGGAACGGTC-1,4
AGCGACATCCCATTCA-1,4
AGCGACCAACGATATT-1,1
AGCGCATAATGAATCG-1,4
AGCGCGGGTGCCAATG-1,2
AGCGCTTATGGGCAAG-1,6
AGCGGACACTTCGTAG-1,4
AGCGGGAAGGGTCCAT-1,4
AGCGGGTCTGACACTC-1,1
AGCGTACGAGAGCTAG-1,1
AGCGTCTGAACCCGCA-1,4
AGCGTGGTATTCTACT-1,3
AGCTAACAAGCAATGT-1,6
AGCTAGAAGCAGAAGT-1,2
AGCTATTTAATCCAAC-1,2
AGCTCCTTCGCACATC-1,5
AGCTCTAGACGTTCCA-1,5
AGCTCTTCCCAGTGCA-1,2
AGCTCTTCGTAACCTT-1,6
AGCTCTTTACTCAGTT-1,3
AGCTGAAGTAAACCAA-1,2
AGCTGTAACCTCAATC-1,4
AGCTTATAGAGACCTG-1,4
AGCTTCAATACTTTGA-1,1
AGCTTGATCTTAACTT-1,3
AGGAAGCTGTCCGCCG-1,4
AGGACAGTCGAATCCC-1,5
AGGACATCGCACGTCG-1,4
AGGACGACCCATTAGA-1,3
AGGAGGCCTTCGCGCG-1,5
AGGATAAAGTCGGGAT-1,4
AGGATATAGGGATTTA-1,5
AGGCAAAGAGGAATCA-1,1
AGGCAGATGCGTAAAC-1,2
AGGCAGGGAGCGTACT-1,6
AGGCATTGTCGTAGGG-1,5
AGGCCACCCGTTATGA-1,4
AGGCCCATTGTACAGG-1,1
AGGCCCTAGAACGCCA-1,3
AGGCCTATCATACCAA-1,1
AGGCTATGGTTAGCTT-1,4
AGGCTTCCCGAAGAAG-1,4
AGGCTTGCTAGACACC-1,4
AGGGAAACGAGGTACT-1,6
AGGGACAGCACGGCGG-1,1
AGGGACCGGCTGCGTT-1,6
AGGGACTCTACGCGAC-1,4
AGGGCAGCGGCGTGGT-1,4
AGGGCGTGATCGGCTA-1,1
AGGGCTGCAGTTACAG-1,3
AGGGTCAGAGCACTCG-1,4
AGGGTCGATGCGAACT-1,6
AGGGTGCCGTTCTTTA-1,4
AGGGTGCTCTCGAGGG-1,6
AGGGTTCAGACGGTCC-1,4
AGGGTTCCCTTTGGTT-1,2
AGGGTTTAGTTCGGGA-1,3
AGGTAACCTCCTATTC-1,4
AGGTACGATATTGCCA-1,2
AGGTAGATCGAGATAT-1,6
AGGTAGGTACAAAGCT-1,3
AGGTATAATTGATAGT-1,6
AGGTCAGGTGAGAGTG-1,3
AGGTCGCGGAGTTACT-1,2
AGGTGGTGACCTTCGC-1,4
AGGTTGAGGCACGCTT-1,2
AGGTTTCACACACCTT-1,3
AGTAACGTTCATCCTG-1,1
AGTAATGTCTTGCCGC-1,1
AGTACATCATTTATCA-1,2
AGTACGGGCACCTGGC-1,2
AGTACGTGGCCTGTCT-1,4
AGTAGAAGGCGCCTCA-1,1
AGTAGCGTGAACGAAC-1,1
AGTAGGTAACATACAT-1,1
AGTATAATACTAGGCA-1,4
AGTATGCTGGAGACCA-1,4
AGTATTTGGCACGACC-1,4
AGTCAAATGATGTGAT-1,4
AGTCAACACCACCATC-1,4
AGTCAAGATGACACTT-1,5
AGTCACTCCGCCTCAT-1,1
AGTCAGCCACCGCCTG-1,4
AGTCCATTGGCTGATG-1,4
AGTCCCGCCTTTAATT-1,2
AGTCGACGGTCTCAAG-1,6
AGTCGGCCCAAACGAC-1,4
AGTCGGTTGCGTGAGA-1,2
AGTCGTGGGCATTACG-1,1
AGTCTCACAAGACTAC-1,4
AGTCTGGACATCCTTG-1,1
AGTCTTCTCCTCAAAT-1,2
AGTGAACAAACTTCTC-1,5
AGTGACCTACTTTACG-1,4
AGTGACTGTGACACAA-1,4
AGTGAGACTTCCAGTA-1,6
AGTGAGCCTCGCCGCC-1,2
AGTGAGGGTTTCTGAC-1,2
AGTGATATGAGTAGTT-1,4
AGTGATTCAAGCAGGA-1,2
AGTGCACGCTTAAGAA-1,5
AGTGCGTAGCTCGTAA-1,3
AGTGCTTGCACGAATA-1,5
AGTGGCGGCAATTTGA-1,2
AGTGTATTGCGCATTG-1,2
AGTGTGGTCTATTGTG-1,1
AGTTAAACACTTGCGA-1,3
AGTTAAGCGGTCCCGG-1,2
AGTTAAGTCAACCGCT-1,4
AGTTACTCTATCGTGG-1,2
AGTTATTGAAAGGTAA-1,1
AGTTCCTACAGAATTA-1,3
AGTTCCTATTTATGTT-1,3
AGTTGACATCGGCTGG-1,4
AGTTGACGGTCCTTGC-1,1
AGTTGCTGACTGATAT-1,1
AGTTTCGCAGGTCGGA-1,4
AGTTTGCACCTGCCTC-1,4
AGTTTGGCCAGACCTA-1,1
ATAAACCATTGGACGG-1,1
ATAAACGGACCCGTAA-1,4
ATAAAGGCTCGGTCGT-1,3
ATAAAGGTCAAGTACG-1,4
ATAAATATTAGCAGCT-1,3
ATAACGCCGGAGGGTC-1,2
ATAACGGAGTCCAACG-1,2
ATAAGGTGGAGAACAT-1,4
ATAAGTAGGATTCAGA-1,2
ATAAGTAGGGCGACTC-1,6
ATAAGTTACCGCGACG-1,4
ATAATAGCTGTTGAAT-1,4
ATAATAGTGTAGGGAC-1,4
ATAATCTTGGAGAACC-1,5
ATAATTAGCTAAGTAG-1,1
ATACAGGCCCTCCAAT-1,1
ATACCACGGGCAACTT-1,3
ATACCAGCAAATTGCT-1,1
ATACCAGGCTAATAGA-1,1
ATACCAGGTGAGCGAT-1,1
ATACCTAACCAAGAAA-1,4
ATACGAGGTTTGTAAG-1,1
ATACGCCGGCGAAACC-1,5
ATACGGAACGTCGTTT-1,1
ATACGGGTTTCGATTG-1,2
ATACGTACTTAGCCAC-1,5
ATACGTCCACTCCTGT-1,5
ATACGTTATGCACGGA-1,4
ATACTAGCATGACCCT-1,1
ATACTCTCGCCACTCT-1,4
ATAGACAACGGGACCT-1,2
ATAGACGAAGAGAAAG-1,3
ATAGAGTACTGGGACA-1,1
ATAGAGTTATCAACTT-1,2
ATAGATTTGCAGTCGG-1,1
ATAGGCGGCTATAGAA-1,3
ATAGGCTAGCTTCGCA-1,2
ATAGGGATATCCTTGA-1,2
ATAGGTTGGGCAGATG-1,1
ATAGTCTTTGACGTGC-1,4
ATAGTGAAGCGTTCTC-1,3
ATAGTTCCACCCACTC-1,6
ATATAAAGCGCTCGTG-1,4
ATATAAATGTAGCTGC-1,5
ATATCAACCTACAGAG-1,6
ATATCGGTAGGGAGAT-1,6
ATATCGTGCCAGACCC-1,4
ATATCTCCCTCGTTAA-1,2
ATATCTTAGGGCCTTC-1,3
ATATGGGATAGCAACT-1,1
ATATGTCTCCCTAGCC-1,2
ATATTCAGTTAAACCT-1,4
ATATTCCACATAGTGA-1,4
ATATTCCCACAGGTCA-1,1
ATATTGCTGTCAAAGT-1,4
ATATTTAACCCTCAAG-1,3
ATCAAACGAAGGTTTG-1,4
ATCAAGATCCCAGGAC-1,1
ATCAATCTGGGCTGCA-1,3
ATCAATGCCGTGGCTG-1,6
ATCACATTAGAATATC-1,2
ATCACGTGCTAATTAA-1,4
ATCACTTCATCCTCGC-1,2
ATCAGACGGCACGCCG-1,4
ATCAGGTCGCCATTGC-1,6
ATCAGTAGGCAGGGAT-1,2
ATCATAGATCGACGAG-1,1
ATCATCCAATATTTGT-1,3
ATCATCTGCCCAGTGT-1,4
ATCCAACGCAGTCATA-1,4
ATCCAATGGAGGGTCC-1,3
ATCCACATCGACAGAA-1,4
ATCCACGCTAAATGTT-1,4
ATCCAGAGCAACAACC-1,4
ATCCAGGATTCGTGAA-1,3
ATCCCATTTCCGTGGG-1,1
ATCCTACCTAAGCTCT-1,4
ATCCTGAATCGCTGCG-1,3
ATCCTGCGTGGAATGG-1,4
ATCCTGCTGCAGATAG-1,1
ATCGACCCAATACAGA-1,3
ATCGACTCTTTCCGTT-1,1
ATCGCACGCCGGGAGA-1,1
ATCGGAGACAGACGGC-1,4
ATCGGCAAGCAGTCCA-1,2
ATCGTGGAAAGTCTGG-1,6
ATCGTTCACTTTCGCC-1,6
ATCTAATATCCTACGG-1,4
ATCTAGCTTGTGAGGG-1,1
ATCTCCCTGCAATCTA-1,2
ATCTGACATGGAAGGA-1,4
ATCTGCACCTCTGCGA-1,2
ATCTGCTGTTATCGCC-1,1
ATCTGGGCTGTTCTTG-1,4
ATCTGGTTAAGACTGT-1,2
ATCTGTAATTGTACCC-1,4
ATCTTGACCTGCAACG-1,1
ATCTTGACTTGTCCAA-1,2
ATGAAGCCAAGGAGCC-1,1
ATGACGCCGGCTCTAA-1,4
ATGACGCGTTCTATCC-1,4
ATGACTATCAGCTGTG-1,4
ATGACTATGCGACATT-1,4
ATGAGGAGTGTTAATC-1,4
ATGATCGGGAATAGAC-1,1
ATGATGCAATGGTACA-1,4
ATGCACTACCGCATTG-1,1
ATGCATGATCCAGGAT-1,2
ATGCATTCCGTGATGG-1,1
ATGCCATTTGCGACCA-1,5
ATGCCGGTCTTGCATA-1,2
ATGCCGGTTGATGGGA-1,2
ATGCGACAGTCCCATT-1,3
ATGCTCAGTGTTGCAT-1,4
ATGCTCTGGCGCGGTA-1,1
ATGGACTGCTTAGTTG-1,1
ATGGAGCAGGCCGTGA-1,3
ATGGATCCGGCGTCCG-1,2
ATGGATTGACCAAACG-1,3
ATGGCAGCATTACGAT-1,6
ATGGCTGGAAATGGCC-1,6
ATGGGAACGGAAGCGG-1,1
ATGGGACCTGCTGAAC-1,4
ATGGGCCTCGGCCTCT-1,5
ATGGGTGTATACCTCC-1,6
ATGGTATTGGGAACCG-1,1
ATGGTCGCGTGGTTTC-1,5
ATGGTGCTCAAAGCCA-1,1
ATGTACGATGACGTCG-1,1
ATGTAGCGCGCGTAGG-1,1
ATGTCTTGTTTGACTC-1,1
ATGTGCATCCGACGCA-1,4
ATGTGGACATCTTGAT-1,3
ATGTGTAGTTTAGTCA-1,1
ATGTTACGAGCAATAC-1,4
ATGTTGTAGTCTGTTT-1,4
ATTAAACATGCGGACC-1,3
ATTAATACTACGCGGG-1,2
ATTAATGAACCAGTCG-1,2
ATTAATTCGGTCACTC-1,4
ATTACAACTACCGGCC-1,2
ATTACGCGCTGGCAGG-1,3
ATTACTAGCCTCTTGC-1,1
ATTACTTACTGGGCAT-1,2
ATTAGATTGATAGCGG-1,1
ATTAGGCGATGCTTTC-1,3
ATTATACTTTGCTCGT-1,2
ATTATCGGAATGTACG-1,1
ATTATCTCGACAGATC-1,4
ATTATGCCATAGGGAG-1,1
ATTATTATGTCCGTCA-1,4
ATTCACTGATGTTGGA-1,4
ATTCAGGACCTATTTC-1,2
ATTCAGTAGCAGGGTC-1,4
ATTCATATACTGTCCA-1,3
ATTCCCACATAAACAA-1,4
ATTCCTCCGCCAGTGC-1,1
ATTCCTTCCAGGCGGT-1,4
ATTCGACGCCGGGCCT-1,3
ATTCGTGCTATCTCTT-1,6
ATTCTCGTCTCTTTAG-1,1
ATTCTGAGTATGAACT-1,4
ATTCTTCGTACTTATG-1,2
ATTGAAGATCTTAGTG-1,3
ATTGACGTAACTCGGT-1,4
ATTGATAGCAACGAGA-1,1
ATTGATGAGTCCTAAC-1,2
ATTGCCTATTAGACCG-1,1
ATTGCGATCAGTAACT-1,5
ATTGCTGCTCCTCCAT-1,3
ATTGGGAATATCTTGG-1,1
ATTGTACAACTCGGCT-1,6
ATTGTCGCAATACCTT-1,2
ATTGTCTGTTTCATGT-1,1
ATTTAACTCGTATTAC-1,1
ATTTACAGTTTACTGG-1,3
ATTTCATTATTTCGCG-1,2
ATTTCCGGGTTCTGCG-1,4
ATTTGCCTAGTTACGA-1,4
ATTTGCGCGAGTAGCT-1,4
ATTTGTCTTGGGAGCT-1,5
ATTTGTTCCAGGGCTC-1,2
CAAACCCTCCGGCGGG-1,1
CAAACGAGTATCGCAG-1,4
CAAACGGTCGCACTTT-1,3
CAAACGTGGTCTTGCG-1,4
CAAACTACGATAGAGA-1,2
CAAACTATTGAGCTTC-1,4
CAAAGATTATTGGGCC-1,4
CAAATCTCTCACAAGG-1,3
CAAATGCGGAGTGTTC-1,1
CAAATGTCCTTCCGTG-1,4
CAAATTGTCAGCAAGC-1,4
CAACAGTGCCAAACGG-1,1
CAACGACCCGTTTACA-1,1
CAACGCGATGAGCCAA-1,1
CAACGGTTCTTGATAC-1,4
CAACTATATCGAATGC-1,2
CAACTCCAACGTTTAG-1,4
CAACTCCTTGATCCCG-1,1
CAACTGCTCATCCGAT-1,4
CAACTTGTAGTGGGCA-1,4
CAAGAGGGCGGAGTAC-1,5
CAAGATATTATAACGT-1,5
CAAGCAACGTCGGAGT-1,3
CAAGCACCAAATGCCT-1,4
CAAGCGGCACATAATT-1,3
CAAGGATCGCATGTTC-1,3
CAAGGTCCTATAGGCT-1,6
CAAGTAAGTGATAGAC-1,4
CAAGTCGTTGAAATCT-1,1
CAAGTGAACTTTGGTT-1,4
CAAGTGTGGTTGCAAA-1,5
CAATAAACCTTGGCCC-1,2
CAATATTCTTGACCTA-1,4
CAATCCCTATACCAGC-1,2
CAATCCTGCCGTGGAG-1,1
CAATGACCCTTAATTT-1,1
CAATGCGAGAAGTATC-1,5
CAATGGAATCTACATA-1,2
CAATGGATCTCTACCA-1,2
CAATGGTCGGCCTGGG-1,4
CAATTAAGGGTGATGA-1,1
CAATTTCGTATAAGGG-1,3
CACAATGAGCTGCTAT-1,4
CACACAGGGATAGATT-1,4
CACACGCGCTGTCTTA-1,2
CACACGTTTCAATGGG-1,1
CACAGAGACGAGGACG-1,6
CACAGCACCCACGGCA-1,3
CACAGCTAGGGAGTGA-1,1
CACAGGGCCGTTGTCA-1,4
CACATATTAGCAGGAT-1,4
CACATCGTGCACGCGC-1,6
CACATCTCACCGACGA-1,4
CACATGATTCAGCAAC-1,3
CACATTCTTTCGATGG-1,2
CACCAGTCAGCATGCA-1,1
CACCATCGGAGGAGAC-1,4
CACCCAAATCTTATGT-1,6
CACCCACACGTCACCC-1,1
CACCCACGAGGCAATT-1,2
CACCCGGTTTGTGACT-1,4
CACCCTAACAAGATCT-1,5
CACCCTTTCCTCGCTC-1,4
CACCGATACACCGAGC-1,2
CACCGCCAGAAGGTTT-1,1
CACCGCCGACCAGCGA-1,4
CACCGGAGATATCTCC-1,6
CACCGTTAGGGATCAC-1,4
CACCGTTGCGCGATAT-1,1
CACCTAATAGAGTCGT-1,1
CACCTAATCAGTTTAC-1,2
CACCTCGATGGTGGAC-1,4
CACCTTGCGAAACTCG-1,2
CACCTTGGCGCCTTTG-1,4
CACGAAAGTTAGTCCC-1,3
CACGACTAAAGTTCTG-1,1
CACGATTGGTCGTTAA-1,1
CACGCACAGCGCAGCT-1,2
CACGCAGCGAGGCTTT-1,3
CACGCGGAACTGTTGC-1,5
CACGTCGGCAACCTCT-1,4
CACGTCTATGATGTGG-1,6
CACGTTCGTGCTCTAG-1,5
CACGTTTCGTACACAC-1,5
CACTAAAGTTGCCTAT-1,3
CACTACTCAGTTCTGT-1,4
CACTCAAGAGCTATGG-1,3
CACTCAGCTCTTGAGG-1,4
CACTCCTATGTAAGAT-1,4
CACTCCTCTCGGTCGG-1,2
CACTCGAGCTGAACAA-1,5
CACTCTCAAGCATCGA-1,4
CACTGTCCAAGTGAGA-1,1
CACTTAATCAGACGGA-1,3
CACTTCGCCACAGGCT-1,1
CAGAACTTAGCCCTCT-1,5
CAGACACCGATCGCTG-1,4
CAGACCTGTAAGTGTT-1,2
CAGACGAACCTGATAC-1,4
CAGAGACGGTCACCCA-1,4
CAGAGCATGAGCTTGC-1,2
CAGAGGCGATGCATGA-1,4
CAGAGTGATTTAACGT-1,1
CAGATACTAACATAGT-1,1
CAGCAGCCCGTTCCTT-1,2
CAGCAGTCCAGACTAT-1,5
CAGCAGTCTGTGCTGC-1,4
CAGCCCTCACAGGCAG-1,4
CAGCCGGGCCCTCTAT-1,2
CAGCCTCCTGCAGAGG-1,2
CAGCCTCTCCTCAAGA-1,2
CAGCGATTCCCTTCAA-1,4
CAGCTCACTGAGACAT-1,3
CAGCTCGACAAGTTAA-1,2
CAGCTCGTGCTTGTGT-1,4
CAGCTCTGGGCTCACT-1,1
CAGCTTAGTAGGTAGC-1,3
CAGGAAGACTTTATAT-1,6
CAGGATATATCGTTGT-1,3
CAGGATCCGCCCGACC-1,1
CAGGCCGTTTGGGTGT-1,3
CAGGCGCACGGTGGTC-1,4
CAGGCGCCATGCTAGG-1,4
CAGTAATCCCTCCCAG-1,1
CAGTAGCCCACGCGGT-1,2
CAGTAGCGAGGTAGTA-1,1
CAGTCGAGGATGCAAT-1,2
CAGTCTCTCGGCTAAT-1,1
CAGTCTGTATACTGGG-1,3
CAGTGAATAAATGACT-1,2
CAGTGGTTGCACATGA-1,1
CAGTGTCCGCAGAATG-1,1
CAGTGTCGGCTGGCCC-1,5
CAGTTCAAATTGACAC-1,1
CAGTTCCGCGGGTCGA-1,4
CAGTTCGAGGACCCGA-1,1
CATAACGGACAGTCGT-1,6
CATAAGAAGCTTGGCT-1,4
CATAATGAGCGGGCGA-1,1
CATACAAAGCCGAACC-1,1
CATACACGGTTCCCAC-1,4
CATACCCGTACCCAGT-1,3
CATACGAACTAGCTGG-1,4
CATACGGCGTCTGGGC-1,3
CATACTATGTAATTGT-1,3
CATACTTCTTTCTCCG-1,4
CATAGCCGCCCGGGAT-1,4
CATAGCGTTGCCCACC-1,4
CATAGTACATTGAGAG-1,2
CATAGTAGCATAGTAG-1,1
CATAGTCCACAAGAAC-1,3
CATATAGGTACAGTCA-1,4
CATATGTCAGGCTACG-1,1
CATATTATTTGCCCTA-1,4
CATCATCTACCCGGAC-1,4
CATCATTACCCTGAGG-1,5
CATCCTCTCAAAGATC-1,5
CATCGCCCGCGGCCAA-1,1
CATCGGACGGGTTAAT-1,3
CATCTTACACCACCTC-1,6
CATGAACCGACATTTG-1,1
CATGAACCTCTTATCA-1,4
CATGACTTCGCTGAAT-1,6
CATGAGATGCACTCTC-1,5
CATGATGCACAATTCT-1,2
CATGCATGGAGACCCT-1,1
CATGCCAACTCGCAAA-1,3
CATGCGACCAGTTTAA-1,2
CATGCGTTAGACAGAA-1,4
CATGCGTTGAGAGGAG-1,1
CATGCTGGCTCCAATT-1,1
CATGGCAGGAAGATCG-1,1
CATGGGTATGCCTTAT-1,5
CATGGGTCGGGTGTGG-1,2
CATGGTAAGTAGCGTT-1,5
CATGGTCTAGATACCG-1,1
CATGTAAGAGACATTT-1,5
CATGTCTCATTTATGG-1,4
CATTACGTCGGCCCGT-1,4
CATTATAACAGGGTCC-1,1
CATTATCCCATTAACG-1,4
CATTATGCTTGTTGTG-1,1
CATTCACTGACAGCTA-1,1
CATTGCAAAGCATAAT-1,1
CATTTAGCGGACCATG-1,2
CATTTATCGTTCAAGA-1,4
CATTTCTAGCAGACTA-1,4
CATTTGAGTGGTACGT-1,4
CCAAACAGAACCCTCG-1,1
CCAAAGTCCCGCTAAC-1,1
CCAACCTTATGTAACT-1,4
CCAACGATGCACTGAT-1,3
CCAACGCTTGCCAGGG-1,2
CCAAGAAAGTGGGCGA-1,4
CCAAGACTTCTGCGAA-1,1
CCAAGCGTAACTCGTA-1,1
CCAAGGAACAGAGAGG-1,1
CCAATAGTGCCGTCGA-1,3
CCAATCGGTAGATCGA-1,2
CCAATGTCACAGCAAG-1,3
CCAATTACGGGTCGAG-1,2
CCAATTGAATGTTAAT-1,1
CCACAATGTACGTCTT-1,2
CCACACTGAGATATTA-1,4
CCACAGCTGAAATCAT-1,1
CCACAGTACCCATCCT-1,5
CCACCAACTTTACTGT-1,4
CCACCCAAGGAAAGTG-1,5
CCACGAATTTAACCTC-1,6
CCACGAGAAGAGAATC-1,2
CCACGGAGCCATAAGA-1,1
CCACGGCAGGTGTAGG-1,1
CCACGGTGCCCGGTAG-1,6
CCAGAAAGCAACTCAT-1,4
CCAGAGACAAAGCCGG-1,1
CCAGATAGTTGAGTGA-1,2
CCAGCCTGGACCAATA-1,3
CCAGCTACGCCTCATA-1,4
CCAGCTCGAACGCATT-1,4
CCAGGGACGTGGCCTC-1,1
CCAGTAGTCTGATCCA-1,2
CCAGTCCATTATTCGA-1,1
CCAGTCTAGACGGCGC-1,2
CCAGTCTTGTCATAGA-1,4
CCATAAACAACCCGAC-1,2
CCATACCTTTACTTGT-1,2
CCATAGGTTGGCGTGG-1,2
CCATCCATACCAAGTC-1,1
CCATCGCAGTTAAACT-1,4
CCATCTCACCAGTGAA-1,6
CCATCTTGTTCACAAT-1,4
CCATGCCTGTTTAGTA-1,3
CCATGCTCTGCAGGAA-1,1
CCATGGCAAACGCTCA-1,1
CCATGGCCCTTGTACC-1,3
CCATGTTCATCTATAT-1,1
CCATTAGCGATAATCC-1,3
CCATTCCCTGCCCACA-1,3
CCATTTCTACCTATTA-1,4
CCCAAACATGCTGCTC-1,2
CCCAACATACGTCGCG-1,3
CCCAACCACACTAACA-1,1
CCCAAGAATGCACGGT-1,4
CCCAAGACAGAGTATG-1,1
CCCAATGAGATTTGCA-1,4
CCCAATTTCACAACTT-1,3
CCCAGGAAGAATTCGA-1,1
CCCAGTTAAGGCGCCG-1,5
CCCGACCATAGTCCGC-1,2
CCCGCAGCGCGAACTA-1,4
CCCGCAGGGCCCAAAG-1,2
CCCGCCATGCTCCCGT-1,4
CCCGCGCAATGCACCC-1,4
CCCGCTAGAGGGTTAA-1,4
CCCGCTTGCCCTCGTC-1,1
CCCGGTGGAAGAACCT-1,4
CCCGTAAGTCTAGGCC-1,3
CCCGTAGCTGGGAAGA-1,4
CCCGTCAGCGTCTGAC-1,1
CCCTAGTGTCAGGTGT-1,1
CCCTATGTAGAGCAGA-1,4
CCCTCATTCTGGAATT-1,1
CCCTCGATAATACACA-1,1
CCCTCGGGAGCCTTGT-1,4
CCCTGAAATGAGTTGA-1,3
CCCTGCGCTACGCATA-1,3
CCCTGGTATGGGCGGC-1,1
CCCTTCTCGTACGCGA-1,1
CCCTTTGACAGGTCTT-1,1
CCGAAAGTGGTGAGCA-1,4
CCGAACCTTCCCGGCC-1,4
CCGAAGTATATTGTTC-1,1
CCGACAAAGGGAGTGC-1,6
CCGACGGGCATGAGGT-1,4
CCGACGTAAACACAAC-1,6
CCGACTCGCATAGTCT-1,4
CCGAGGGATGTTAGGC-1,1
CCGATCTCAACCTTAT-1,6
CCGCACAAAGACCAAC-1,5
CCGCACGTGACCTCGG-1,4
CCGCATGTGGTACGAT-1,4
CCGCCACCACAATCCA-1,1
CCGCCGGTCAACACAC-1,4
CCGCCTGCGAATTGGT-1,2
CCGCGGAATGCGTCAC-1,4
CCGCGGGTACGAAGAA-1,3
CCGCGTAGGTAAGGGC-1,3
CCGCTATCAGCACCAG-1,4
CCGCTCCAGGGCGATC-1,1
CCGCTGGTGCCATTCA-1,4
CCGCTTACCTCACTCT-1,1
CCGCTTCGCGGTTAAC-1,1
CCGGAATGGTTTCAGT-1,4
CCGGAGCGTACTTTCT-1,4
CCGGCACGACCGTTTC-1,6
CCGGCGCATATTGGAT-1,1
CCGGGACCCGCAGAGA-1,1
CCGGGCGGTCTCGTCA-1,2
CCGGGCTGCTCCATAC-1,6
CCGGGTTCGAGGTTAC-1,3
CCGGTTTGTAATTGTG-1,4
CCGTAAGTTGGTCCCA-1,2
CCGTACCCAAGCGCCA-1,4
CCGTATCTCGTCGTAG-1,4
CCGTGCCCATGACGGC-1,1
CCGTGTTAAATTCCAT-1,1
CCGTTACGTTAGAACA-1,2
CCGTTCCGAATCTCGG-1,3
CCGTTTCCTTTCCGTG-1,1
CCTAAACAGGGTCCGT-1,1
CCTAAAGGCTGACGCT-1,2
CCTAAATTAACGGTTC-1,3
CCTAACCCAAACAAGT-1,4
CCTAACTAAGGCTCTA-1,2
CCTACATTCACAGACG-1,4
CCTACGGCTCAGTCGA-1,1
CCTACTGCTTACACTT-1,1
CCTAGGCGTAGCGATC-1,6
CCTAGTTAGTCGCATG-1,2
CCTATAATGAGTGCCC-1,5
CCTATACCGTCCTGTC-1,4
CCTATATTTGTCCTGG-1,1
CCTATCTATATCGGAA-1,2
CCTATGAAGTGGTGCC-1,6
CCTATGGCTCCTAGTG-1,6
CCTATGGGTTACCGTC-1,1
CCTATGGTCAAAGCTG-1,1
CCTCACCAATCTTGAC-1,1
CCTCACCTGAGGGAGC-1,2
CCTCACCTTAGCATCG-1,2
CCTCATGCAGCTACGA-1,1
CCTCCCGACAATCCCT-1,1
CCTCCGACAATTCAAG-1,3
CCTCGAAGTGGACGGG-1,2
CCTCGACCCACTGCCT-1,1
CCTCGCCAGCAAATTA-1,2
CCTCGCGCGATATAGG-1,2
CCTCGCGCTGTGCGAT-1,4
CCTCGGACCGGGATAG-1,5
CCTCGGTTTCCTTGCC-1,4
CCTCTAATCTGCCAAG-1,2
CCTCTACAAGGATTGG-1,1
CCTCTATCGATTAGCA-1,4
CCTCTCTCCCATCTAG-1,3
CCTCTGGCCTAGACGG-1,2
CCTCTGTACTATTCTA-1,4
CCTGAACGATATATTC-1,6
CCTGAATATTTACATA-1,2
CCTGACCACCGATGGT-1,4
CCTGACGCAACCTTTA-1,4
CCTGAGAATAAATGCA-1,1
CCTGCTATTTGAGAAG-1,1
CCTGGAAACGTTCTGC-1,2
CCTGGCTAGACCCGCC-1,3
CCTGGTCGAATGTGGG-1,4
CCTGTAAGACATGATA-1,3
CCTGTACTCACGCCCA-1,3
CCTGTCACCCGGGCTC-1,1
CCTGTCGCCCGTAAAT-1,3
CCTGTTCAACCTCGGG-1,1
CCTTCAGTTAAAGTGA-1,4
CCTTCGTATAGAATCC-1,4
CCTTCTTGATCCAGTG-1,2
CCTTGTGAACGTGGTT-1,1
CCTTTAAGGGAGCACT-1,6
CCTTTCAATGAAGAAA-1,2
CGAAACATAGATGGCA-1,2
CGAAACGCAATTCATG-1,3
CGAACAGTATGGGCGT-1,5
CGAACCCGCATGCGTC-1,4
CGAACGCCCAGTGCCG-1,2
CGAAGACTGCCCGGGA-1,1
CGAAGTTGCTCTGTGT-1,3
CGAATCTGCTCGACGC-1,6
CGAATGAAGTCATTGC-1,1
CGAATGACGCATAATG-1,4
CGAATGGTAGGTCGTC-1,1
CGACAATTTGATCTAA-1,5
CGACACGCTCCGACAG-1,5
CGACAGTTCGCGTTAT-1,3
CGACATGCGATCTTCT-1,4
CGACTCAGGATGTTAT-1,2
CGACTTTGTATAGCCT-1,2
CGAGACCCTAGAGTGT-1,3
CGAGAGATGTGAACCT-1,1
CGAGATGTTGCCTATA-1,1
CGAGCACTTCAAGTTT-1,4
CGAGCGTTGATCAGCC-1,1
CGAGCTGGGCTTTAGG-1,4
CGAGGCCAGGCATTGG-1,1
CGAGGCTAAATATGGC-1,1
CGAGGGACTGCGGTCG-1,5
CGAGGGTATCCAGGTG-1,1
CGAGTACTAAAGAGGA-1,4
CGAGTGAAGGTACCAG-1,4
CGAGTGCTATAGTTCG-1,1
CGAGTTCTGTCCCACC-1,2
CGAGTTTATCGGACTG-1,6
CGATACCTCGCGGACA-1,4
CGATATTAGCCGCAGG-1,1
CGATCCACCATTGTTG-1,1
CGATCCGACCCAGTGC-1,3
CGATCCTCGCAACATA-1,4
CGATCGAGAAGCACCA-1,1
CGATCTGTTGGAGGAC-1,1
CGATGGACCCTACGCC-1,2
CGATTAAATATCTCCT-1,4
CGATTCGCCTGGCTGC-1,4
CGCAAACACGAGTTAC-1,4
CGCAATTACTTTCGGT-1,4
CGCAATTAGGGTAATA-1,3
CGCAATTCTACAATAA-1,4
CGCACATGTCCACTAC-1,5
CGCACGTCTGTTTATG-1,4
CGCACGTGCGCTATCA-1,6
CGCAGAAACATTTGCG-1,1
CGCATCATGGCTTCAG-1,2
CGCATGGTGCGATGCT-1,3
CGCATTAGCTAATAGG-1,1
CGCCATCCGATTATGA-1,2
CGCCCAGCACGCCTAG-1,6
CGCCCGCTTCCGTACA-1,2
CGCCCTTGAAGGCTGA-1,4
CGCCGCCCATGCCTGT-1,5
CGCCGCGTTCTGAACG-1,1
CGCCTCCCTCCTCTAT-1,5
CGCCTGGCCTACGTAA-1,3
CGCGACCGCGACAGAT-1,5
CGCGCAAGGAACTACA-1,1
CGCGCATGTTTGATTG-1,4
CGCGCCCGACTTAATA-1,2
CGCGGCTCAACTTGAA-1,5
CGCGGGAATTAGGCAG-1,2
CGCGTCATATTAAACC-1,1
CGCGTTCATGAAATAC-1,1
CGCTACCGCCCTATGA-1,1
CGCTACGGGACATTTA-1,3
CGCTAGAGACCGCTGC-1,6
CGCTATACCGCCCACT-1,1
CGCTATTCAATGTATG-1,1
CGCTATTCTTAGGCTC-1,3
CGCTCGACATAATGAT-1,1
CGCTCTCCGTAGATTA-1,3
CGCTGAGGACGTCCAA-1,4
CGCTGGTGACTACCCT-1,5
CGCTGTGACGCCGCAC-1,1
CGCTGTGTGGATGTTG-1,4
CGCTTAGTATTGATAC-1,4
CGCTTATTCCCGGTCG-1,3
CGCTTCCACTGAAATC-1,1
CGCTTTCATACCGGTG-1,1
CGCTTTCTTGCATTCG-1,2
CGGAAAGAATCAAACG-1,4
CGGAAATTTCACATCC-1,3
CGGAACGTAAACATAG-1,4
CGGACCTCTGTAGTTA-1,1
CGGACCTTTACGTCCC-1,1
CGGAGCAATTTAATCG-1,4
CGGAGCATGGCGATCC-1,3
CGGAGCTTATAACACC-1,2
CGGAGTTTGAGAGACA-1,4
CGGATAAGCGGACATG-1,1
CGGCAAACATCGTGCG-1,4
CGGCACCGTTAGCGCC-1,2
CGGCACTCAAGAAAGT-1,4
CGGCAGGGTCGGGTTG-1,2
CGGCCACGCACAAAGT-1,3
CGGCCAGAGCGACCAT-1,4
CGGCCCAGGTATATCC-1,4
CGGCTCTTCGTCGAAC-1,2
CGGCTGCAAGATTAAG-1,1
CGGCTTTGTATGATAA-1,1
CGGGAATTTATGTAAA-1,4
CGGGAGCTTCAGTGTA-1,5
CGGGATCAATGTAAGA-1,4
CGGGCAGCTAAACCGC-1,3
CGGGCCTTCTTTGTAA-1,3
CGGGCGATGGATCACG-1,1
CGGGTGTACCCATTTA-1,2
CGGTACTAGAATCAAA-1,5
CGGTAGAGGTGCAGGT-1,2
CGGTATAGGTATTAGC-1,6
CGGTCAAGTGGGAACC-1,2
CGGTCTATCAACCCGT-1,2
CGGTGAAGACTAAAGT-1,3
CGGTGCAGATAGAACG-1,3
CGGTGCGCGTTGGTCC-1,3
CGGTGTACTTGATCCC-1,1
CGGTTATCCAACAGTG-1,2
CGGTTCAAGTAGGTGT-1,2
CGGTTCCGGCTTCTTG-1,1
CGGTTGACCTGGCATA-1,3
CGGTTGAGTATCCTTC-1,4
CGTAAACGCTTGAGTG-1,1
CGTAAAGCAAGAAATC-1,1
CGTAAATAACAAAGGG-1,1
CGTAACTTCGACACTT-1,1
CGTACCTGATAGGCCT-1,2
CGTAGCGAATTGTCAG-1,2
CGTAGCGCCGACGTTG-1,1
CGTATTAAGAGATCTA-1,3
CGTCACGTCCATTGGT-1,4
CGTCAGTGCGCACAAG-1,1
CGTCAGTTTATCGTCT-1,4
CGTCATACCATATCCA-1,1
CGTCGCATGTGAGCCA-1,1
CGTCGCTTGGTTATAC-1,6
CGTCGGATAGTGTTGA-1,2
CGTCGGGTCTAAGCGC-1,1
CGTCGTCCTTCGCGAA-1,4
CGTCTGGAAGGGCCCG-1,4
CGTGAAGTTAATTCAC-1,3
CGTGACATTGGGTCGT-1,2
CGTGACCAGTCCTCTG-1,4
CGTGCAGACTGGGACA-1,5
CGTGCATTGTCGACGC-1,3
CGTGCCCGACATTTGT-1,4
CGTGCCCTCCCGAAGA-1,5
CGTGCTTCTACCTAAA-1,6
CGTGGCCGAATATCTA-1,5
CGTGGTACCCAAAGGC-1,4
CGTGTCCCATTCGCGA-1,4
CGTGTCTCGTTACGAC-1,4
CGTTAGCTCACAACTG-1,2
CGTTCAAGGAAACGGA-1,4
CGTTCAGACCCGCGAA-1,1
CGTTGAATACCGCGCT-1,5
CGTTGAGCGACCGTCG-1,5
CGTTGCCCGCGTGGGA-1,4
CGTTGTCGGCAATTGA-1,4
CGTTGTTTCAATTCCC-1,3
CGTTTAAGCGGAGCAC-1,1
CGTTTCACTTCGGGCG-1,2
CGTTTCGCTCATTACA-1,3
CGTTTGTGTAGAGGGT-1,4
CTAAACGGGTGTAATC-1,4
CTAAAGAATGCCTACT-1,3
CTAAAGGGAAATAGGA-1,4
CTAAATCCGGTGTACA-1,2
CTAAATCCTATTCCGG-1,2
CTAACCGCGCGCCCGT-1,3
CTAACGAAACTTGCTG-1,2
CTAACTGGTCCGGTTC-1,4
CTAAGGGAATGATTGG-1,5
CTAATTCGCACGCGCT-1,4
CTAATTCTCAGATATT-1,2
CTAATTTCAACAACAC-1,1
CTACAAGAAATAACCC-1,4
CTACACTAGCTTGTTC-1,4
CTACCCTAAGGTCATA-1,2
CTACGAACTAGGTCGA-1,4
CTACGACTAGCTATAA-1,3
CTACGCACGGAGTACC-1,3
CTACGCCATTTCCGAT-1,2
CTACTATCATAGGTTT-1,4
CTACTATCTTTCAGAG-1,2
CTACTCAAGGTATAGT-1,4
CTACTCTAGGCCCGGC-1,3
CTACTGCCACCTGACC-1,1
CTAGACTGCATTTCGT-1,4
CTAGATGTGAGTGTAA-1,6
CTAGATTTACGACGGC-1,5
CTAGCATAGTATAATG-1,3
CTAGGCGCCCTATCAG-1,5
CTAGGCGGCAGAGAAT-1,1
CTAGGGATAGGGACAA-1,4
CTAGGTCTGAAGGAAT-1,6
CTAGGTTCGGACGTGA-1,4
CTAGTATTCGGAATTA-1,2
CTAGTCACGTCTTAAG-1,3
CTAGTGAAGGACAGGA-1,3
CTAGTTACAACCCGGT-1,4
CTAGTTGGGCCCGGTA-1,2
CTATAAGAGCCAATCG-1,2
CTATAGGCGTTGATGT-1,4
CTATATCCAGCCTGGC-1,4
CTATCGACGAAATACA-1,5
CTATCGGGTCTCAACA-1,3
CTATGAACACCTTGCC-1,1
CTATGCCCGAATGCAA-1,4
CTATGTCACTAGCCCA-1,1
CTATGTCTATTGAAAC-1,1
CTATTCATGTGTCCCA-1,4
CTATTTGCTTGGAGGA-1,1
CTATTTGGTTACGGAT-1,6
CTCAAACCACTGCCCG-1,4
CTCACATTTACTAAAT-1,4
CTCACTGTGATACTTA-1,4
CTCACTTGGCTGGTAA-1,3
CTCAGAGCTAATGTCG-1,1
CTCAGGACTCACCTGT-1,1
CTCAGTCACGACAAAT-1,2
CTCATGGCTCACAATC-1,1
CTCATGGTAATTTGCG-1,4
CTCATTGCTCTAACAA-1,5
CTCATTTGATGGGCGG-1,2
CTCCCTCCTTTCGATC-1,4
CTCCGCCCACATGAGG-1,4
CTCCGGCCTAATATGC-1,1
CTCCGGCTTGTAGACA-1,1
CTCCTAAGTTATGTCT-1,1
CTCGAGGCAAGTTTCA-1,1
CTCGAGGTCGAACAGT-1,3
CTCGATATTTGCGAGC-1,2
CTCGCACCTATATAGT-1,2
CTCGCCGAATGTAGGG-1,4
CTCGGGCATCGTCGGG-1,1
CTCGGGTTCTCTGGCC-1,4
CTCGGTACCACTGCTC-1,5
CTCGGTCCGTAGCCTG-1,1
CTCGGTTGTCGGCCCT-1,4
CTCGTCGAGGGCTCAT-1,1
CTCGTTACGGCTACCA-1,4
CTCTACATCCTGCGTG-1,1
CTCTATTTGGCTGCAG-1,4
CTCTCACAATCGATGA-1,1
CTCTCGATGTGCGCCT-1,1
CTCTCTAACTGCCTAG-1,1
CTCTGCGAAGCAAGCA-1,1
CTCTGGACGCCTGGTG-1,3
CTCTGTGCCTGCTATG-1,1
CTCTGTTTGAGGATTC-1,2
CTCTTCTATTGACTGG-1,5
CTCTTCTGGAAGTTAG-1,4
CTCTTGTCCCGCTTGG-1,4
CTGAAAGAGATCCGAC-1,4
CTGAATCCGAGACCTC-1,4
CTGACTGCGCAGCTCG-1,2
CTGAGCAAGTAACAAG-1,4
CTGATCCCTTTATGCA-1,1
CTGCAAATGGGCTCCA-1,1
CTGCACAACTACATAT-1,4
CTGCACCTGGAACCGC-1,1
CTGCACTCCAGTACAG-1,4
CTGCCAAGGTTGGAAG-1,2
CTGCCATGCATCACAT-1,3
CTGCCTAGCCACCAAG-1,6
CTGCCTTTAATACCTT-1,6
CTGCGACCTCGCCGAA-1,1
CTGCGATTTCGAGATT-1,1
CTGCGGGTGAAATGTT-1,3
CTGCGGTAGTCACGTG-1,6
CTGCGTTACGATATAA-1,2
CTGCTGAGGCCACGAA-1,4
CTGCTTGGCGATAGCT-1,4
CTGGAAATGGATGCTT-1,3
CTGGAAGACACGGTGG-1,4
CTGGATTTACACTTGA-1,4
CTGGCATCCGAATGAG-1,1
CTGGCGACATAAGTCC-1,2
CTGGCGCACAGGTCTG-1,6
CTGGCGGGAATAAGTA-1,1
CTGGCTCCTGCGGGAT-1,1
CTGGCTGATTCATCCT-1,5
CTGGCTGGTTGTCAGT-1,4
CTGGGATAAATAATGG-1,5
CTGGGATCGCCCAGAT-1,1
CTGGGCCTGCTATATC-1,3
CTGGGCGGCCAAATGT-1,1
CTGGGTAGGCAGTTAA-1,5
CTGGTAACACATAGAA-1,5
CTGGTAACGAGCTCTT-1,2
CTGGTCCTAACTTGGC-1,1
CTGGTGAATGGGCCTA-1,6
CTGGTTCAACGCATCA-1,4
CTGGTTTCGAGCAAGA-1,5
CTGTACTTCTTAGCAT-1,3
CTGTAGCCATCTCACT-1,4
CTGTAGTGAGGATCGA-1,4
CTGTATGGTGTAGAAA-1,1
CTGTCAAATGGCTCGG-1,4
CTGTCACGCCAGGCGC-1,1
CTGTGCAGGGTAGGTC-1,3
CTGTGGTCGGGAGATA-1,5
CTGTTACCCAATCTAG-1,3
CTGTTCACTGCCTGTG-1,1
CTGTTCATCTCACGGG-1,4
CTTAACTTCGAAGTAC-1,1
CTTACACGGTATTCCA-1,3
CTTACACTGGGAAATA-1,1
CTTAGCCTTCCACATG-1,2
CTTAGTAGGCCTACAG-1,6
CTTAGTTGAGGAATCG-1,4
CTTATGTTGACTACCA-1,4
CTTCAACTCCACTTGG-1,4
CTTCATAGCTCAAGAA-1,4
CTTCATTGTCAGTGGA-1,3
CTTCCGCTCCGTGAAG-1,4
CTTCGTAGATAGGTGA-1,3
CTTCTATGTTGAAGTA-1,3
CTTCTATTAATGCTAG-1,4
CTTCTGGGCGTACCTA-1,4
CTTCTTACGTCGTATA-1,1
CTTGACCCGAAAGATA-1,1
CTTGAGGTTATCCCGA-1,1
CTTGAGTTAGGGTAAT-1,6
CTTGCAACCGCCTCCT-1,3
CTTGCCCAGGCTCTAC-1,4
CTTGGCCAAGCTGGGA-1,4
CTTGTACTTGTTGACT-1,1
CTTGTCAACATTCGAG-1,4
CTTGTCGTACGTGTCA-1,1
CTTGTGAGTCTTTGAC-1,4
CTTGTGCTCACCGATT-1,2
CTTGTTGCTGAGTCAA-1,5
CTTGTTTATGTAGCCA-1,4
CTTTAACTTTCAAAGG-1,2
CTTTAATATTGGTCGA-1,4
CTTTACCGAATAGTAG-1,4
CTTTAGGAACACTGTT-1,5
CTTTAGTGCTATTATT-1,4
CTTTCTGTGCGGGCTT-1,4
CTTTGGCTTTAGTAAA-1,3
CTTTGGGATTGTTGCA-1,4
GAAACAGATGACCACC-1,5
GAAACAGCCATGCAGT-1,4
GAAACATAGGAAACAG-1,1
GAAACCGAATTACCTT-1,4
GAAACCTATACAAATG-1,4
GAAACTCGTGCGATGC-1,4
GAAACTCTAATGAAGG-1,2
GAAAGAACAGCGTTAT-1,6
GAAAGCAGTGCACTTT-1,4
GAAAGTGACTAACTGC-1,4
GAAATACCTGCTGGCT-1,4
GAAATACTAAACGTTT-1,1
GAAATATCACCATCAG-1,4
GAAATCGCGCGCAACT-1,4
GAAATGGCGGTGTTAG-1,3
GAAATTAGCACGGATA-1,2
GAAATTCACATCGCTG-1,1
GAAATTGTCTCTATAA-1,4
GAACACACATCAACCA-1,1
GAACAGATTACTAAAT-1,1
GAACCATCTGGGAGAC-1,1
GAACCCTCTGTGTTCT-1,4
GAACCTTTAACGATCC-1,1
GAACGACCGAATGATA-1,1
GAACGTCTCATGGTCG-1,2
GAACTGTGGAGAGACA-1,1
GAAGAAACGATATTGT-1,4
GAAGAACGGTGCAGGT-1,4
GAAGACTTCAATGCCG-1,4
GAAGCAAGGCAATGTT-1,1
GAAGCCACTGATTATG-1,1
GAAGCCTGCACATTCC-1,4
GAAGCGTGAGGAATTT-1,3
GAAGCTCGGACCCGTC-1,1
GAAGCTTGCTGACCGC-1,4
GAAGTCAGTTGCACTA-1,3
GAAGTCTCCCTAGCGA-1,6
GAAGTGATTTATCGTG-1,3
GAAGTGCTGGATAGCT-1,4
GAAGTTTCCACTCAAT-1,3
GAATAGACGCGACCCA-1,5
GAATAGTGCTCGATTA-1,4
GAATATTCGGAGTCCC-1,2
GAATCGACATGGTCAC-1,4
GAATCGCCGGACACGG-1,1
GAATCTATACTCGGAC-1,1
GAATCTGAACATTCTC-1,3
GAATGCCGAAATGACC-1,1
GAATGCGAATCGGTTC-1,4
GAATGTATGGCAGGTC-1,2
GAATGTGGTCCGGATT-1,5
GAATGTTGGGTAATCT-1,2
GAATTATAGTGAAAGG-1,3
GAATTCACCCGGGTGT-1,4
GAATTTCTCGCTGCAG-1,4
GACAAACATATGCAGG-1,5
GACAACGACCATTGAA-1,2
GACAACGCAGCTTACG-1,1
GACACAAGGGAAGAAA-1,1
GACACCCAAAGACGCG-1,1
GACACGAGTTAGAGGA-1,4
GACACTGAGTTCAGTG-1,3
GACAGCCAGACCTGAC-1,5
GACATCCGTCGAACTG-1,1
GACATCGATTTATAAC-1,4
GACCAGAGCCCTGTAG-1,3
GACCAGGTCATTCATA-1,4
GACCCAATTATGATAC-1,1
GACCCGTCGCCGGCTA-1,1
GACCGACTGAAGCGTC-1,3
GACCGTCAGGTCGTGA-1,2
GACCGTGCTGACGGTG-1,3
GACCTTCCACGTCTAC-1,1
GACGACGATCCGCGTT-1,4
GACGATATCACTGGGT-1,1
GACGCCGTAAAGGCTA-1,4
GACGCCTGTTGCAGGG-1,1
GACGCTTGCTTCTAAA-1,3
GACGGACCGCGTTCCT-1,1
GACGGTCAATAGAAGC-1,2
GACGTGAGACTCCATG-1,1
GACGTGTAGGGATTAT-1,4
GACGTTGCTCGGCGGC-1,1
GACTAACACAGCACCT-1,2
GACTAAGATCATGCAC-1,1
GACTAAGTAGGCTCAC-1,3
GACTACAATTGCTCGT-1,4
GACTCACCCACGTGAG-1,6
GACTCGCGGGAATGAC-1,2
GACTCTAGAGTTCCAA-1,1
GACTGATTGGTCACAA-1,2
GACTGCAAATCGAGCT-1,4
GACTGCACCAGCCCAG-1,5
GACTGCTGGTGAGAAA-1,4
GACTGGGCGCCGCAAC-1,6
GAGACTGATGGGTAGA-1,3
GAGACTTCGCGACCGA-1,4
GAGAGGGCGCGAGGTT-1,3
GAGAGGTGCATTCTGG-1,3
GAGAGTCTCGGGAGAG-1,4
GAGATCTGCTTGGCAT-1,3
GAGATCTGTCACTCCG-1,2
GAGATCTTCCATGACA-1,5
GAGATGGGAGTCGACA-1,4
GAGCACCTGTGTCCAG-1,5
GAGCATCAACAACTTG-1,6
GAGCATCATCCCTGGG-1,1
GAGCCACGGTAGTAGG-1,1
GAGCCAGCTACCTGTG-1,5
GAGCGAGGGAGTACCG-1,4
GAGCGCGCACGAGTAG-1,5
GAGCGCTGTTAGGTAA-1,4
GAGCGGAATGCGGTGT-1,4
GAGCTAAGGGCATATC-1,2
GAGCTCAACATGAGCG-1,1
GAGCTCTCGGACCTAA-1,4
GAGGAATATCTCTTTG-1,4
GAGGAATGGAGAGGTT-1,4
GAGGAGTAATTCCTAC-1,1
GAGGCCCGACTCCGCA-1,1
GAGGCTATCAAAGTCG-1,3
GAGGGAGTCAGATCGC-1,4
GAGGGCATCGCGTATC-1,4
GAGGGCGCAGCTCTGC-1,2
GAGGGTAGTAACAAAG-1,6
GAGGTACATCCATCTT-1,4
GAGGTACGCGTGTCCC-1,1
GAGGTCCCAAAGATCT-1,4
GAGTACGGGTATACAA-1,1
GAGTAGATACTAGTTG-1,4
GAGTATACCCTAATCA-1,1
GAGTATGCCCGCCTTG-1,4
GAGTATGCGCGTGCAT-1,4
GAGTCAGACCAGAATC-1,4
GAGTCCGCTTACCGGA-1,1
GAGTGTGCGGTACCCA-1,5
GAGTTGATGGCAATTT-1,1
GATAAATCGGTGGATG-1,4
GATAACTCGCACTGTG-1,6
GATAAGGCAGATGCAA-1,4
GATACGATGGGAGTCA-1,4
GATAGAACCCGCTAGG-1,1
GATAGGTAACGTTGAC-1,4
GATAGTGCGAGTAAGT-1,4
GATATCTCATGCAATA-1,1
GATATGAGACACTAAC-1,5
GATATGCGGTAGCCAA-1,2
GATATTGAGATTGGCG-1,6
GATATTTCCTACATGG-1,2
GATCAACATAAAGGGA-1,6
GATCATTCCAAACATT-1,3
GATCCCTTTATACTGC-1,3
GATCCGGGAATTAACA-1,3
GATCCTAAATCGGGAC-1,2
GATCCTCGACACTGGC-1,4
GATCCTCTTGCGCTTA-1,4
GATCGACACTATCTGA-1,1
GATCGCGGGCTCTCCA-1,3
GATCGCTACCCGATTT-1,5
GATCGCTATATCTCAG-1,4
GATCGGTGGCCATAAC-1,1
GATCGTGACTGATATC-1,3
GATCTGCTATCTAAGG-1,4
GATCTTGGAGGGCATA-1,3
GATCTTTGCAGGGTAT-1,3
GATGACAAGTAGGGCA-1,6
GATGCCACACTACAGC-1,1
GATGCCAGCAGAAGGC-1,4
GATGCGTCCTGCATTC-1,3
GATGCTACAAGCGCCT-1,1
GATGCTACCTTCGATG-1,1
GATGCTGTATTTCATC-1,5
GATGGCGCACACATTA-1,4
GATGGTGCCCTAGGCA-1,6
GATGTAACGAACCACC-1,1
GATGTCCGGATCACAT-1,4
GATGTCGGTCAACTGC-1,4
GATGTGTTGTCACAAG-1,4
GATGTTCAATCCACGA-1,3
GATGTTTGTGCGAGAT-1,1
GATTAATCCTGGCTCA-1,1
GATTACTGAATTTGGG-1,3
GATTAGAAACAAGCGT-1,1
GATTCCCTTGTCGCAG-1,2
GATTCCGCGTTTCCGT-1,2
GATTCCTATACGGCGC-1,4
GATTCGACGGTTCACG-1,3
GATTCTGTTAATGAGT-1,1
GATTGACACTCTGCTC-1,1
GATTGCTCCAGTTGCA-1,6
GATTTGCGCTAACACC-1,1
GCAAACCCTACATTAT-1,4
GCAAACCTTGGCCATA-1,4
GCAAAGGGCGTTAGCC-1,6
GCAAATATTACGCTTT-1,3
GCAACCACCAGACCGG-1,2
GCAACCACGGCCGCGT-1,3
GCAAGAATTCCTTGGC-1,4
GCAAGTGCACAGAGAA-1,4
GCAAGTGTAAAGCATG-1,4
GCACAAACCCTAGATG-1,6
GCACAAGTGTCGGAAG-1,1
GCACACAGCTATTACC-1,1
GCACAGCACGGGCCGA-1,4
GCACGCCTACTTAGAT-1,4
GCACTAGTCGCGCTAT-1,4
GCACTCCCACAGTCCC-1,1
GCACTGCCTACCTTTA-1,1
GCACTGTGCAAATGTA-1,1
GCAGACCCAGCACGTA-1,6
GCAGATCCATAAGACT-1,5
GCAGATTAGGGATATC-1,3
GCAGCACACAGCCCAG-1,3
GCAGCGGTGGGCATTA-1,1
GCAGGACTATAGAATA-1,3
GCAGGTAGAGTATGGT-1,2
GCATAGAGCACTCAGG-1,3
GCATCCCTAACTTTGA-1,4
GCATGAGGGACGCGGC-1,2
GCATTCAAGGCAACGC-1,2
GCCAACCATTTCCGGA-1,2
GCCAATAGGGCATCTC-1,2
GCCACAATTTAAGGAC-1,4
GCCAGGAAAGAACACT-1,1
GCCAGGAGTAACCGAT-1,2
GCCAGGCGTTCGCATG-1,2
GCCATATTGCACACAG-1,2
GCCATCGAGCTGCGTG-1,4
GCCCACCAAGGCTGTC-1,4
GCCCAGTTGGTATGCC-1,1
GCCCGACTTCTTCCCG-1,3
GCCCGATCTGTGGTCG-1,4
GCCCGCGCGTAAACGG-1,4
GCCCGCGCGTTTGACA-1,1
GCCCGTAATACCTTCT-1,2
GCCCTGAGGATGGGCT-1,1
GCCGAAATTCCTACGT-1,3
GCCGACCCACGACTGC-1,4
GCCGATTGGCCAAGCT-1,3
GCCGCTTGTGAGAAAC-1,3
GCCGGAAACACATCTT-1,1
GCCGGGTTAGGGTCGC-1,3
GCCGGTCGTATCTCTC-1,1
GCCGTCGGTTTCGGGC-1,4
GCCTAGCGATCTGACC-1,4
GCCTATAGTGTCAGGG-1,2
GCCTATTCCGATATAG-1,4
GCCTATTTGCTACACA-1,1
GCCTCATCTGGAAATA-1,5
GCCTCTATACATAGCA-1,5
GCCTGTCCCGGTGCAT-1,1
GCCTTCAGCCCTACCG-1,1
GCGAAACTTAACTGGA-1,5
GCGAAGCCATACCCGT-1,3
GCGACATGTAAACATC-1,6
GCGACCCAACCATCTG-1,4
GCGACGATAGTTGTAC-1,4
GCGAGAGTTGCGTCCA-1,2
GCGAGCGCATGCTCCC-1,6
GCGAGGCCCGAGCAGA-1,3
GCGAGTTCTGCAAAGA-1,3
GCGATTCTGGAAGCAG-1,4
GCGATTGTTAACGTTA-1,5
GCGCAAATATATTCAA-1,4
GCGCAAGAGCGCGCTG-1,4
GCGCATCCAGTCAGCA-1,2
GCGCCGTTCCACGATA-1,3
GCGCGATGGGTCAAGT-1,1
GCGCGGTCTAGTAACT-1,4
GCGCGTCATTGGTACA-1,5
GCGCTAAGTATGCATG-1,4
GCGCTAATTGAATAGA-1,3
GCGCTATGCCGAGGCA-1,3
GCGCTGATCCAGACTC-1,2
GCGCTGCTTTGCATTT-1,2
GCGGACCGCGTTGTGG-1,4
GCGGAGAAACTTCGCA-1,4
GCGGAGAGGGAGAACG-1,5
GCGGCAAAGTATTGCC-1,4
GCGGCTCTGACGTACC-1,3
GCGGGAACCAGGCCCT-1,1
GCGGGCGAGCCTTACC-1,4
GCGGTCCCTAGACGCA-1,1
GCGGTGAACTGCGCTC-1,2
GCGGTTCCCTATCATG-1,4
GCGTAAATGGCCATAA-1,6
GCGTCCAGCTCGTGGC-1,1
GCGTCCCTAAGACATA-1,4
GCGTCGAAATGTCGGT-1,4
GCGTCGCCAGGGTGAT-1,4
GCGTCTCTGCATTGGG-1,3
GCGTGGTACTGGGTTA-1,2
GCGTGTATGTCGTATT-1,4
GCTAAACCTGAGGTGA-1,4
GCTAAGTAGTTTCTCT-1,2
GCTAATACCGAATGCC-1,1
GCTACGACTTATTGGG-1,4
GCTACTATAGTAGAGT-1,5
GCTAGACCGTCTACTG-1,4
GCTAGCGATAGGTCTT-1,1
GCTAGCTTGAATAGCT-1,1
GCTAGGCACCACGGAG-1,5
GCTAGTAGAGCTTGTA-1,3
GCTAGTTTCATTGAGG-1,4
GCTATACGTCTCGGAC-1,5
GCTATCATACTCATGG-1,4
GCTATCGCGGCGCAAC-1,1
GCTCAATCCGTTTATT-1,4
GCTCAATGTAATACCG-1,4
GCTCATTACTGCATGT-1,2
GCTCATTGATCATATC-1,1
GCTCCATGCAAAGCAA-1,1
GCTCCTGACATACTGG-1,4
GCTCGCTCATGTCCAA-1,6
GCTCGGAATTTAAAGC-1,4
GCTCTAAACCCTGACG-1,4
GCTCTATGTTACGTGC-1,4
GCTCTCGGGTACCGAA-1,1
GCTGAATCTTCCAATC-1,1
GCTGAGGCGTGAGTAT-1,3
GCTGCACGGTTTCTTA-1,5
GCTGCGAAGAATTATT-1,1
GCTGCTAAGTAGTCGA-1,4
GCTGCTACTGCGTAGC-1,4
GCTGCTCTCCGGACAC-1,3
GCTGGCATATTCACCT-1,3
GCTGGCGGCGCATGCT-1,4
GCTGGGAGCGCGTCAA-1,1
GCTGTATTACTGGCCC-1,1
GCTGTTGCTACCGAAC-1,6
GCTTAATGTAACTAAC-1,5
GCTTATGAAGCAGGAA-1,6
GCTTCCGTCCCTAGAC-1,2
GCTTGATGATAATCAG-1,4
GCTTGGATCGATTAGG-1,2
GCTTTCAGAGGAGGTG-1,2
GGAAAGTCTTGATTGT-1,1
GGAAAGTGCCCATGCC-1,2
GGAACCGTGTAAATTG-1,4
GGAACCTTGACTCTGC-1,1
GGAAGCTCGCTTACAG-1,2
GGAATAACCTCAAGAA-1,4
GGAATGCGCTAGCGTG-1,2
GGACCAACAGGATAAC-1,4
GGACCTCTAGGCCGCC-1,4
GGACTCGACAGCGCAT-1,4
GGACTCGTGAGTGGTC-1,4
GGAGAAGTCATTGGCA-1,1
GGAGACGACACCTTTG-1,3
GGAGCACCAAGAACTA-1,2
GGAGCGAGGCCTACTT-1,1
GGAGGATTGAAAGGAG-1,1
GGAGGGCTTGGTTGGC-1,2
GGAGTGCCGCCCTGGA-1,1
GGATACTCATGAATTG-1,1
GGATCAAAGGACGAGG-1,1
GGATCCGGAATATACT-1,2
GGATCTTACTGCCCTT-1,4
GGATGAAGATCGCTGA-1,5
GGATGACGCGAGTTTA-1,3
GGATGTCCTTACCGCA-1,6
GGATTAAGCTAAGGTC-1,4
GGATTCAGTACGGTGG-1,1
GGATTCCGCTATACCC-1,2
GGATTTCACTTCTATA-1,2
GGCAAAGGCGCCAATA-1,4
GGCAAATTACTTTACT-1,4
GGCAAGCCCATAGTGG-1,1
GGCAAGGCGAAATAGC-1,4
GGCAATAGTCAATGAG-1,1
GGCACTCCACTGGGCA-1,3
GGCATACAGGTAGCGG-1,3
GGCATATCGGTTCTGC-1,2
GGCATCAACGAGCACG-1,1
GGCATTGAACATCTCA-1,1
GGCCACAAGCGATGGC-1,4
GGCCCAGCTGGTTTGC-1,1
GGCCCTCACCCACTTA-1,3
GGCCGAGACTCTGGTG-1,4
GGCCGTTTGGGTTTCA-1,4
GGCCTGCTCTGATGTT-1,1
GGCGAAATCTAACTTG-1,5
GGCGCAGGACATCTTC-1,3
GGCGCATGAATTGATG-1,4
GGCGCGTTCGAGTTTA-1,3
GGCGCTCCTCATCAAT-1,1
GGCGCTTCATTCCCTG-1,1
GGCGGAGTAATATTAG-1,3
GGCGGTAGGATCATTG-1,1
GGCGTACCCTATATAA-1,1
GGCGTCCTATCCGCTG-1,3
GGCTACTATACACTCC-1,4
GGCTATTAAGTTGTAT-1,3
GGCTCCTCCACCTGTT-1,4
GGCTCGCGTTGAGGTA-1,2
GGCTCGTGCCACCAGC-1,1
GGCTCTGCTCCAACGC-1,2
GGCTGAAATAGCAAAG-1,4
GGCTGAGCATCGTAAG-1,2
GGCTGGCTAGCTTAAA-1,4
GGCTGTCCTACTGCGG-1,1
GGCTTTCAATAAGGGT-1,4
GGGAACCACCTGTTTC-1,1
GGGAACGGGAGGTTAG-1,3
GGGAACGGTTTCAGAT-1,6
GGGAAGACGGTCTGTC-1,1
GGGACAGAGTTACTCC-1,1
GGGACCCGTATATCTT-1,4
GGGACTGCATAGATAG-1,3
GGGAGAACTCACAGTA-1,3
GGGAGGATGCCCGAAA-1,3
GGGAGTAATGGCTGGC-1,4
GGGAGTTAATGAGGCG-1,3
GGGATGGTCGTAACCG-1,4
GGGATTTACCGCACCT-1,5
GGGCACGTAGTACTGT-1,1
GGGCAGAGCAATCGTT-1,4
GGGCATGCATGTCGAG-1,1
GGGCCCGTCTTAAACA-1,4
GGGCCGGCCGAAGTAC-1,6
GGGCGATATGTGTGAA-1,3
GGGCGGCAAATGAATT-1,4
GGGCGGGTTCCCTACG-1,4
GGGCGGTCCTATTGTC-1,4
GGGCGTACATTTATAT-1,1
GGGCGTCACCACGTAA-1,4
GGGCGTCCACTGGCTC-1,2
GGGCGTTTACATTCAT-1,1
GGGCTATGATCGATGG-1,4
GGGCTCATCGAACCCA-1,2
GGGCTGCCTAGGGCGA-1,3
GGGCTGGTTAGTCGCG-1,3
GGGTAATGCTGTGTTT-1,1
GGGTACCCACGGTCCT-1,4
GGGTACTTCATGAACT-1,3
GGGTATGTATGCACTT-1,4
GGGTCACCGTGACGGT-1,3
GGGTGACACCTTAACT-1,4
GGGTGGTCCAGCCTGT-1,4
GGGTGTTTCAGCTATG-1,4
GGGTTAACATTTGAGT-1,4
GGGTTCAGACGAACAA-1,1
GGGTTTAGGATAGGAT-1,5
GGTAAATGTGCGTTAC-1,2
GGTAACCGGGAGGATA-1,4
GGTAACTATGTATCTG-1,4
GGTACAAACATGCTAT-1,4
GGTACCATTAAGACGG-1,2
GGTAGAAGACCGCCTG-1,4
GGTAGACCGTTGGGCG-1,4
GGTAGGCCAATATCAC-1,1
GGTAGTGCTCGCACCA-1,3
GGTATTGCCGAGTTTA-1,3
GGTCACGTTAGATTCA-1,1
GGTCAGTGGGTCCCAC-1,4
GGTCGGATAAACGGCG-1,2
GGTCGGCCAGGAGCTT-1,2
GGTCGGTAATTAGACA-1,4
GGTCGGTCGTCCACAG-1,4
GGTCTCTGAATGGACT-1,4
GGTCTGAGAATCTGGA-1,2
GGTCTTGAGCGCTCTT-1,1
GGTGAAACCGGGAATG-1,1
GGTGAACGGGCTAGCC-1,1
GGTGAAGTACAGGGAT-1,4
GGTGAGATGCAGATAA-1,4
GGTGATAAGGAGCAGT-1,5
GGTGATTTCATCTTGT-1,1
GGTGCATAAATGATTA-1,4
GGTGCGGATAAGTGGC-1,1
GGTGCTGATCACAAAG-1,4
GGTGCTGGTACACATT-1,3
GGTGGACTGCTCTGGC-1,5
GGTGTAAATCGATTGT-1,4
GGTGTAGGTAAGTAAA-1,1
GGTGTTCTGTTTCTAC-1,1
GGTTACCACCCTCGGG-1,4
GGTTACCGCTCCCTAC-1,1
GGTTAGCTATATGTCT-1,5
GGTTAGGCTTGGAGAA-1,4
GGTTAGTTACGGCGCC-1,4
GGTTCTACTCGTCTGA-1,6
GGTTGTATCGTGAAAT-1,1
GGTTTAATTACCATCG-1,4
GGTTTACAATCTCAAT-1,2
GGTTTAGCCTTTCTTG-1,5
GGTTTCAATCGGTCAG-1,2
GGTTTGAGTGCTGGAA-1,1
GTAACAGGTTAACGGC-1,1
GTAACTGCCCAAGGAG-1,4
GTAACTTGCGGCAGTC-1,4
GTAAGCGGGCAGTCAG-1,2
GTAAGGATTTGTCGGA-1,4
GTAAGTAACAGTCTGG-1,5
GTAAGTAGGGTATACC-1,4
GTAATAAAGGGCTCCC-1,2
GTAATCTGATTCTTCG-1,4
GTACACTTACCTGAAG-1,3
GTACAGAGGCAAGGGT-1,2
GTACGACGGCGCTGCG-1,1
GTACGAGATTGCGACA-1,1
GTACGCTTCATTGCAC-1,1
GTACGTTTGCCCGTCA-1,3
GTACTAAGATTTGGAG-1,1
GTACTCCCTTATCGCT-1,3
GTACTCCTGGGTATGC-1,2
GTACTGAGGTCGTAAC-1,1
GTACTGCATGAAGCGT-1,4
GTACTGGAGTTAGACC-1,6
GTACTTGGGCACTTCT-1,1
GTAGACAACCGATGAA-1,4
GTAGACACGCCTGACT-1,4
GTAGACGTCGTTACAT-1,4
GTAGAGGGAGACAAGT-1,4
GTAGCCAAACATGGGA-1,4
GTAGCGCTGTTGTAGT-1,1
GTAGCGGCTATACACT-1,3
GTAGCTAGTAAGCGCG-1,4
GTAGCTCCGGGAGGCT-1,4
GTAGCTTCCTCTTGTT-1,2
GTAGGTGATCCGTGTA-1,2
GTAGTCGCGGGAATCA-1,4
GTAGTCTACGATATTG-1,1
GTAGTTCGAAGGCGAA-1,4
GTATAGGACTCAGTAG-1,1
GTATAGTGGCCCATGT-1,1
GTATCAGCTTGGGTTC-1,1
GTATCTCAGTCTTGAC-1,1
GTATCTCCCTAACTGT-1,4
GTATCTTGTTGCTCAC-1,1
GTATCTTTCATAACCA-1,4
GTATGAAATTTCACTC-1,1
GTATGACGTGGGAAAC-1,1
GTATGTGGGTCTAGTT-1,6
GTATTAAGGCGTCTAA-1,1
GTATTCTGAGAAACGA-1,1
GTCAAAGAAGTGGTGT-1,1
GTCAAAGTTTACATAG-1,4
GTCAAGCGGACTCGGG-1,5
GTCAATTGTACTGAAG-1,1
GTCACAAAGTTTCCAA-1,4
GTCACTCTCCAAATCT-1,4
GTCAGAATAGTCTATG-1,4
GTCAGTTGTGCTCGTT-1,4
GTCATGCACCTCCGTT-1,3
GTCATGGACATGACTA-1,4
GTCATTAGAGCGAACG-1,3
GTCCAGGCACGTGTGC-1,4
GTCCATTACTGCTACG-1,6
GTCCCAACGTAAAGTA-1,2
GTCCCGCGACGTTATG-1,5
GTCCGGACCTGAAATT-1,5
GTCCGGCTGAATTGCG-1,1
GTCCGGGTTCACATTA-1,1
GTCCTACGAATAGTCT-1,5
GTCCTTCTAGTGGGTT-1,2
GTCGCCGTTGTGTGTT-1,4
GTCGCGTAACCCGTTG-1,5
GTCGGATATCTCAGAC-1,3
GTCGGATGTAGCGCGC-1,2
GTCGGGAAGCAGAAAC-1,4
GTCGTACCATCTCGGG-1,4
GTCGTATTGGCGTACA-1,2
GTCGTCAATTATAAGG-1,4
GTCGTTATTCGCTTAT-1,4
GTCTATACACGCATGG-1,1
GTCTATCTGAGTTTCT-1,3
GTCTATTGGTTCCGGT-1,4
GTCTCAAGGCCCGGCT-1,4
GTCTCCGCCTCAATAC-1,1
GTCTCGATCTGCTTTC-1,2
GTCTCGCCAACACGCC-1,1
GTCTGGGCGGTCGAGA-1,4
GTCTGTAGGTTGAACA-1,1
GTCTTAGTACAGCCGG-1,2
GTGAAACGGCGCCACC-1,2
GTGAAACGTGCTCCAC-1,4
GTGAACTCCCATTCGA-1,2
GTGACAGCTTCCCACT-1,1
GTGACCGCACACTACG-1,4
GTGACGCAGGTTTCAT-1,1
GTGACTTCAGTAGTGC-1,4
GTGAGATAACCTTATA-1,4
GTGAGCGTGCTGCACT-1,3
GTGAGGACACTTAAGG-1,5
GTGAGGAGCGGTTGAG-1,2
GTGAGTGGTACAACGC-1,4
GTGATCAAGCGTGCAC-1,4
GTGATCACTAACGCCT-1,5
GTGATCATAGATCTGC-1,4
GTGATGCACAACATCT-1,6
GTGATTCGCCGCTCAA-1,1
GTGCAACAAATGTGGC-1,4
GTGCACGAAAGTGACT-1,2
GTGCCATCACACGGTG-1,3
GTGCCCGTTCGGATTC-1,5
GTGCCGCTTCAAAGGT-1,3
GTGCCTCAGTGTACGG-1,6
GTGCGAAATCGAACAC-1,4
GTGCGACAGGGAGTGT-1,6
GTGCGCAGCTTGCTCC-1,1
GTGCGCTTACAAATGA-1,1
GTGCGGGACCATCGGC-1,4
GTGCGGGTCTCCAAAT-1,4
GTGCGTGTATATGAGC-1,5
GTGCTCAAGTACTGTC-1,3
GTGGAACCTACATGCG-1,2
GTGGACCAACCCGATT-1,3
GTGGACGCATTTGTCC-1,4
GTGGACGTGCTGAGAC-1,4
GTGGAGTCGGCGGTTG-1,4
GTGGCGGGCCGTAGCT-1,1
GTGGGAACAAACCGGG-1,4
GTGGGCTTAGACACAC-1,3
GTGGTATAGTCTGCCG-1,4
GTGGTCAGCGAAGTAT-1,2
GTGGTGGCCAAGTGAA-1,5
GTGGTTACTTCTTTCG-1,2
GTGGTTTCCGCCTTTC-1,3
GTGTACCTTGGCTACG-1,2
GTGTATATCAGCGGGC-1,1
GTGTATGACTTTAAAG-1,4
GTGTCAGTGTACGTGG-1,4
GTGTCGTATAGCGTTC-1,4
GTGTGAATAACTTAGG-1,2
GTGTTACTATGCGTCC-1,5
GTTAAAGTAGGACTGG-1,4
GTTAACATCACTTAAA-1,4
GTTAACTATGTTGTCA-1,2
GTTAAGGGTGCGATGT-1,4
GTTACAATTGGTGACG-1,3
GTTACCTACAACTTGC-1,4
GTTACGAAATCCACGC-1,1
GTTACGGCCCGACTGC-1,4
GTTACTTTGGGCCTAG-1,4
GTTAGAGTGTGCCGCT-1,4
GTTAGCCCATGACATC-1,1
GTTATATTATCTCCCT-1,4
GTTATCACCTTCTGAA-1,1
GTTATTAAATACGACC-1,4
GTTATTAACGTGGGAG-1,4
GTTCAATCTATGTCAA-1,4
GTTCACAGGAGTCTAG-1,3
GTTCAGTCGCCAAATG-1,1
GTTCATCGTTTGGCTG-1,2
GTTCCAGTCTGACCAT-1,1
GTTCCGTCCGCCTGCA-1,4
GTTCGACAATTGTATA-1,1
GTTCGCCATAAGTGCC-1,3
GTTCGGGCGTACCATT-1,2
GTTCGTCTAAAGAACT-1,5
GTTCGTTGCGGACCAG-1,1
GTTCTTCCCTCGATGT-1,1
GTTGAACCGGTTCCAT-1,3
GTTGAGTCCCGCCGGT-1,4
GTTGCACGGAGTTTCG-1,1
GTTGGATTCAGTGGCT-1,2
GTTGGATTGAGAACAC-1,2
GTTGGATTTGCGTTGG-1,3
GTTGGTCATGCTATCC-1,4
GTTGTAGATTTATGAG-1,1
GTTGTCGTGTTAGTTG-1,1
GTTTACGTTCCATCTG-1,4
GTTTCATATCGTCGCT-1,3
GTTTCCTGGAGGGTGA-1,1
GTTTCTGCAGTCTCCC-1,3
GTTTGACCAAATCCTA-1,3
GTTTGAGCGGTTATGT-1,1
GTTTGGCCCAAGTTAT-1,5
GTTTGGCCGCTCAGCG-1,1
GTTTGGGCTTGTGAGC-1,4
GTTTGGTAGGGTCAAC-1,4
GTTTGGTGATCGGTGC-1,4
TAAACCCAGGAGGGCA-1,4
TAAAGAGCCCGAAACC-1,1
TAAAGCGTTAGGAGAA-1,2
TAAAGCTGCAATAGGG-1,2
TAAAGGAGAAACTAGT-1,1
TAAAGTGCACGTCTCG-1,1
TAAATGAATCCGTTTC-1,4
TAAATTTAGTAACACC-1,4
TAACAAAGGGAGAAGC-1,4
TAACAGCGTTTGTGCT-1,4
TAACAGGTTCCCTTAG-1,1
TAACATACAATGTGGG-1,3
TAACATACACGCGATC-1,4
TAACCGCCCGCAGTGC-1,1
TAACCTACCGTCCGAG-1,6
TAACGCTTTGAGAGCG-1,4
TAACTATCGAAGGTCC-1,4
TAACTATTACGCCAAA-1,2
TAACTCATCCGCGCGG-1,4
TAACTCCATGGAGGCT-1,4
TAAGAGGGACAGGGAC-1,1
TAAGATTTAGCGGGAG-1,1
TAAGCGCGAATCAAAT-1,1
TAAGGAACTTGTGGGA-1,4
TAAGGCAACATAAGAT-1,2
TAAGGCATAACATCAA-1,4
TAAGGCCCGTCACCCT-1,4
TAAGGCTGAATCCCTC-1,5
TAAGTAACATCTTGAC-1,4
TAAGTCGCCGAGTATC-1,4
TAAGTTGCGACGTAGG-1,1
TAATAAACAAGGAGAT-1,2
TAATACACAGTAGTAT-1,2
TAATAGAACAGAGTTA-1,4
TAATAGGTCACCAGAA-1,1
TAATAGTGACGACCAG-1,2
TAATATTGAAATTCGC-1,1
TAATCGATCCGTACGT-1,2
TAATTAGATGGATATG-1,1
TAATTAGGACATCCGT-1,6
TACAAATTGCGGAGGT-1,4
TACAACGCACAACTCA-1,4
TACAAGCTGTTCACTG-1,1
TACAAGTCTCGTGCAT-1,3
TACAATGAAACCAGCA-1,1
TACATAGGCATACACC-1,3
TACATTTCTAACGTGC-1,3
TACCAAATAGCCCAGA-1,4
TACCAATAAAGTACCA-1,5
TACCAGAAGTAGGTTC-1,4
TACCAGCTAGGTTTAA-1,1
TACCAGGAATCCCGTC-1,4
TACCGCGGACTTGCAG-1,2
TACCGGCTCACTGCCC-1,4
TACCGGTCGTTTCCAT-1,3
TACCGTAGGTTAACTA-1,4
TACCGTGCCTCGGACC-1,4
TACCTACTCCCAGTAT-1,4
TACCTCACGCTTGTAC-1,1
TACCTCCACACCAATG-1,4
TACCTGCTGCACTGTG-1,4
TACCTTAAGATTTCCC-1,1
TACGAACACGACTTCA-1,3
TACGACGCTTGCTGCG-1,4
TACGACTGCCTCTTAG-1,3
TACGAGAACTTCACGT-1,3
TACGATGTTGATCATC-1,3
TACGCAGTTCTTTCCT-1,4
TACGCCATATTCTAAT-1,3
TACGCCGAGGGTACCC-1,4
TACGCCTCCATTCCGA-1,4
TACGCTATAGAAACCT-1,6
TACGCTCCTAGAACTG-1,1
TACGCTGCTGTGTTAA-1,1
TACGGAAGCCAAACCA-1,1
TACGGGATGCTAGCAG-1,2
TACGTACTAGTGCTGA-1,4
TACGTGCACTATGCTG-1,1
TACGTTTACCGGCAAT-1,3
TACTATGGTTCCTCAG-1,4
TACTCCTCTAGTTGAC-1,4
TACTCTCCGAACAAAT-1,2
TACTCTTTCGTCTTCA-1,4
TACTGAACAGATTTAG-1,4
TACTGGACAGCTCGGC-1,3
TACTTGTTAGTAGTCC-1,6
TACTTTACTGAGCCGG-1,2
TAGAAACCACTAAGTA-1,4
TAGAAAGGTGGCGCTA-1,2
TAGAATTAAGGGCAAC-1,4
TAGACGAAACGCCAAT-1,1
TAGACGCCCGTACCGG-1,2
TAGACTACCTAGCGTT-1,6
TAGAGATCATGCAACT-1,3
TAGAGCTACGAAGAAC-1,1
TAGAGGGAGTTTATCT-1,1
TAGAGTCTAAGCGAAC-1,3
TAGATATGGACTGGAA-1,4
TAGATCCGAAGTCGCA-1,4
TAGATTCAAAGTGCGG-1,4
TAGATTCCTGGTTATT-1,3
TAGCAACCTGTCACAA-1,1
TAGCCATTTCAAAGTC-1,5
TAGCCGGCGGTCAGCG-1,2
TAGCGTCCGGTGTGGT-1,5
TAGCGTTGGGTCTTAC-1,3
TAGCTAAGTCCGGGAG-1,3
TAGCTAGAAGGCATGA-1,4
TAGCTAGTGATGATGG-1,6
TAGCTCGCCTGATAAC-1,3
TAGGAACAGCCTCCAG-1,4
TAGGCATGTTACGCCA-1,2
TAGGGAGCTTGGGATG-1,6
TAGGGTGTTTCAAGAG-1,1
TAGGTCCAAGTAAGGA-1,4
TAGGTCGCCGGAACTG-1,2
TAGGTGACGATAACCT-1,5
TAGGTGAGCCCTACTC-1,3
TAGGTGCTCGCCTAGC-1,5
TAGGTGTTCCACAGAT-1,4
TAGGTTCGAGTTCGTC-1,3
TAGGTTCTGCTGAGAA-1,1
TAGTACCTTAGTGGTC-1,1
TAGTAGCTTATACCAG-1,4
TAGTCCCGGAGACCAC-1,4
TAGTCCGCAGAGAATG-1,4
TAGTCCTGCACTAAGC-1,1
TAGTCGATCACGGGTT-1,5
TAGTCTAACAACGAGA-1,3
TAGTCTGCGGCACATT-1,1
TAGTGAGAAGTGGTTG-1,4
TAGTGCCCTCCAGAGT-1,3
TAGTGGAACTCATACA-1,4
TAGTGTCAGAAACGGC-1,1
TAGTTAAGATAGGATA-1,2
TAGTTTATTCTTGCTT-1,4
TATAAATCCACAAGCT-1,1
TATAAGTGAGGATAGC-1,1
TATACACAGACGCCTT-1,4
TATACACGCAAAGTAT-1,4
TATACGCGTCATCACT-1,4
TATACTCATGCGGCAA-1,1
TATAGAGTCGCTTGAA-1,4
TATAGATGGTCGCAGT-1,4
TATATAGGGCTTTACG-1,6
TATATATCGAGAAATG-1,4
TATATCAAAGTGATCT-1,1
TATATCCCTGGGAGGA-1,6
TATATTCGCGTCGATA-1,1
TATCACAGCACGGGCA-1,1
TATCACCATGTAAAGT-1,6
TATCACCCAACCGACC-1,2
TATCCAATTGGTTATC-1,5
TATCCATATCATGCGA-1,1
TATCCGCACCGTCGGG-1,4
TATCCTATCAACTGGT-1,4
TATCCTGCATGGGAAT-1,1
TATCGATCTATGCATA-1,2
TATCGATGATTAAACG-1,1
TATCTACAGAGGTAAT-1,4
TATCTACCACAGCGGG-1,3
TATGAAGACAGGTGCG-1,4
TATGATAAATCTAACG-1,4
TATGATTCTGCTTGGT-1,1
TATGCTCCCTACTTAC-1,1
TATGGAGTTTCTCGTT-1,1
TATGGATGTGCTACGC-1,1
TATGGCCCGGCCTCGC-1,4
TATGGGACCGAGCAGG-1,3
TATGGGTACGTATCGT-1,3
TATGGTCTGAGTAACA-1,3
TATGGTTAGTGGGAGA-1,6
TATGTAAAGTGCTTAA-1,4
TATGTCAAGACCGACT-1,2
TATGTCTCATTGTGCC-1,2
TATTAACCTGACCGCG-1,4
TATTACCATCCTGCTT-1,6
TATTCAATTCTAATCC-1,3
TATTCCACTCAGCTCG-1,3
TATTCCGAGCTGTTAT-1,5
TATTCCGGCAGTCCTA-1,1
TATTCCTCCGCCCACT-1,3
TATTCGTGCCAGAATA-1,3
TATTTAGTCTAGATCG-1,1
TATTTATACCGAGTAG-1,2
TATTTGTTACCCTTTA-1,1
TCAAACAACCGCGTCG-1,4
TCAAACTTAGATTGTT-1,1
TCAAATTTGAGACTCA-1,4
TCAACAAAGATAATTC-1,4
TCAACACATTGGGTAA-1,4
TCAACATAGCGCCCTA-1,4
TCAACCATGTTCGGGC-1,1
TCAACGAGGAGACAAA-1,3
TCAACGCAGGAAATAA-1,4
TCAACGCGACCGGCAG-1,3
TCAAGAAATACTAGCT-1,6
TCAATACGCCGTCATG-1,4
TCACAGCAAACTCGAA-1,4
TCACAGGAGAATAAGA-1,4
TCACAGGGAATCGCAA-1,5
TCACAGGTTATTGGGC-1,3
TCACATCTTATCTGAT-1,4
TCACCCTCTTAAGATT-1,3
TCACCGCTCGGCACTC-1,2
TCACGATGTCCGTGGA-1,4
TCACGCATTGTAGATC-1,3
TCACGGTCATCGCACA-1,1
TCACGTGCCCGATTCA-1,3
TCACTACGACCAATGC-1,6
TCACTATCGTGCAATC-1,1
TCACTCAGCGCATTAG-1,1
TCACTCGTGCAACGGC-1,2
TCAGAACCTCCACAGG-1,2
TCAGACGCTATAGAAG-1,4
TCAGCAAATGCATCTC-1,1
TCAGCAGTAGGCCCTG-1,4
TCAGGGCGCAAACTCG-1,1
TCAGGGTGCACGAAAC-1,2
TCAGGGTGTAACGTAA-1,1
TCAGGTTCTTTGAGAA-1,3
TCAGTACTGACCCGCG-1,4
TCAGTAGGGACTATAA-1,4
TCAGTGTATACGTCAT-1,4
TCAGTTACGGAATGAT-1,4
TCATACTTACAGATCC-1,4
TCATATGAGCTTTGTT-1,1
TCATCACTCGAGCTCG-1,1
TCATCCCAGAGGGTGG-1,1
TCATCGATGGTCCCAA-1,4
TCATGCAGGTTCTCAT-1,2
TCATTTAAGTCTCCGA-1,6
TCCAACTTTAAATTCT-1,3
TCCAATAAAGGCTACC-1,1
TCCACAATGGTTTACG-1,3
TCCACATCGTATATTG-1,1
TCCACCTCTAGCCTTT-1,4
TCCACTTTATCTAGGT-1,2
TCCAGAGCACCGGTTC-1,3
TCCAGGCAGGACGATC-1,1
TCCAGGCGAGTACGGT-1,3
TCCAGGGTATATACGA-1,4
TCCATTAGTTGGATAG-1,1
TCCATTGTGACCTCGT-1,4
TCCCAAACATCCTCTA-1,1
TCCCAAAGACGAAGGA-1,4
TCCCACGGAGGGAGCT-1,1
TCCCACTCTCTTCCGG-1,2
TCCCAGCTTTAGTCTG-1,3
TCCCAGGCTTAGCTAA-1,3
TCCCGCGTACTCCTGG-1,1
TCCCGGGTGTGCTGCT-1,3
TCCCGGTCAGGAATTT-1,4
TCCCGTCAGTCCCGCA-1,2
TCCCGTGTGCAATTTG-1,5
TCCCTGGCTCGCTGGA-1,3
TCCCTTAGATTACTCG-1,2
TCCGACCGCTAATCAA-1,1
TCCGAGAAGGCTAAGC-1,4
TCCGATAATTGCCATA-1,4
TCCGATGACTGAGCTC-1,2
TCCGATGGTGCGACAT-1,1
TCCGATTACATTGCCG-1,3
TCCGCCTGTCTACAAG-1,5
TCCGCGGCAGCATCTG-1,6
TCCGCTGTCATCCCGG-1,5
TCCGCTTATCCCATTA-1,1
TCCGGCCTAGCGTACA-1,2
TCCGGCCTGCATCGAT-1,4
TCCGGTTCGTCCGGTC-1,4
TCCGTAACCACAATCC-1,1
TCCGTTTAGCCTTGAA-1,2
TCCTAAATTGGGAAGC-1,4
TCCTAACCGTCGGGCA-1,4
TCCTACATCCACGGCC-1,5
TCCTAGCAAAGAAGCT-1,3
TCCTCGGGCTGGGCTT-1,5
TCCTCTACGAGATGGC-1,4
TCCTCTCCAGTTGTCC-1,6
TCCTCTGGCCCATTAG-1,2
TCCTGCCAACTGGAGA-1,6
TCCTGCGTTGATACTC-1,3
TCCTTACGACGGTCCG-1,5
TCCTTCAGTGGTCGAA-1,2
TCCTTGTCCTTTAATT-1,1
TCCTTTCTTACGCTTA-1,3
TCGAAATTTAGGACCA-1,3
TCGAAGAACCGAGCAC-1,5
TCGAATATCCCGCAGG-1,6
TCGAATCGCAGGGTAG-1,1
TCGACATAGCGTAGCG-1,1
TCGAGACCAACACCGT-1,3
TCGAGCCAGGCAGGCC-1,4
TCGATAGGCTAGTCGC-1,1
TCGCAAAGATGCATTT-1,4
TCGCACCAGGAGGCAG-1,4
TCGCATCCCTAAGTGT-1,4
TCGCATTCAATGACTT-1,1
TCGCCGAAGTTGCGTC-1,4
TCGCCGGTCGATCCGT-1,2
TCGCGTCCAGAAGGTC-1,4
TCGCTAAACCGCTATC-1,2
TCGCTACTGGCTTTGA-1,1
TCGCTCGATATATTCC-1,1
TCGCTGGGCGGATTGT-1,2
TCGCTGTGCGTAAATC-1,4
TCGCTTTAAACGTTTG-1,2
TCGGAATGACCATCAA-1,4
TCGGAATGCGCTCTGA-1,4
TCGGACGCCCAGCCCA-1,2
TCGGAGAGTATCGGGA-1,3
TCGGAGTACATGAGTA-1,2
TCGGCTAACTTCCCTT-1,1
TCGGGAGACAGCGTAC-1,4
TCGGGCACTTCTGGAT-1,1
TCGGGCCGTCGTGGTA-1,5
TCGGGTGAAACTGCTA-1,4
TCGGTCCCGACAATAG-1,1
TCGGTCCCTGACTCCA-1,2
TCGTAAGACGACATTG-1,2
TCGTACCGACGTCAAG-1,1
TCGTATAGTGCAATTA-1,4
TCGTATTACCCATTGC-1,3
TCGTATTTCGTCCGGA-1,4
TCGTCAAGTACGCGCA-1,4
TCGTCACACTGTTAGC-1,4
TCGTCCGCTGGCGTCT-1,4
TCGTCTTAGGCGTTAA-1,5
TCGTGTACTATGGATG-1,5
TCGTGTCACGCTGACA-1,3
TCGTTAGGAGTCCCTA-1,1
TCGTTCGTTATTATGT-1,1
TCGTTGCTATCCGGTC-1,4
TCGTTGGCTCGTCAAT-1,1
TCTAATACTGCCTCAG-1,4
TCTACACGTTCATGCA-1,6
TCTACCGTCCACAAGC-1,1
TCTAGCAATCTCCGCC-1,3
TCTAGCATCTTCGATG-1,4
TCTAGCATGCCCAGAA-1,4
TCTAGGTGGCGACGCT-1,2
TCTAGTGATATCGTGG-1,5
TCTAGTTATCAGAAGA-1,3
TCTATCATGCAGTTAC-1,1
TCTATCGGTCGCAACA-1,2
TCTATTACGCTGGCGA-1,1
TCTCATGAGATAGGGT-1,4
TCTCCAACGTAGGTTA-1,2
TCTCCCTGGGCAGCGT-1,5
TCTCGAACGAGGTCAC-1,6
TCTCGGCTCCAGGACT-1,1
TCTCTAATAGCTGGTA-1,1
TCTCTTACCGCGAACC-1,4
TCTGAACCGGTCGGCT-1,1
TCTGAACTCGTACCCG-1,5
TCTGAAGCACGTGGTC-1,5
TCTGAATTCCGTACAA-1,2
TCTGATGTATTCTGTC-1,5
TCTGCCAGAAACTGCA-1,5
TCTGCGTCCGGTTTCT-1,4
TCTGGGAACCTTTGAA-1,4
TCTGGGTAGCGCTCAT-1,3
TCTGTCATACAAGAGC-1,4
TCTGTGCCATCATAGT-1,2
TCTGTGGCTACATTTC-1,1
TCTGTTACCCAGCATA-1,4
TCTTACAGAGGTACCG-1,1
TCTTACCGGAACTCGT-1,2
TCTTACGGCATCCGAC-1,4
TCTTACTTATGCCTCT-1,5
TCTTAGAGCTCCAATT-1,6
TCTTAGAGTGAACTCT-1,5
TCTTATGGGTAGTACC-1,1
TCTTCCCATGGGCACA-1,2
TCTTCGAATAGACGTT-1,3
TCTTCGATACCAATAA-1,3
TCTTGATGCGTAGCGA-1,3
TCTTGCTCCCGATACT-1,4
TCTTGGTAACACCAAA-1,2
TCTTTAAGACTATGAA-1,2
TCTTTCTCTTAAGGAG-1,4
TGAAACTTATGCAAGC-1,1
TGAAAGGACCTGACTC-1,6
TGAACAAGCAGGGACT-1,4
TGAATGAGTGTTTCCC-1,4
TGACATCGAGCGGACC-1,6
TGACATGTAACGTGAC-1,4
TGACCCACGTTAGACA-1,3
TGACGATGCACTAGAA-1,6
TGACTATAATCCTTTC-1,4
TGAGAATGCTTTACCG-1,4
TGAGAGATTTACCACG-1,5
TGAGATCAAATACTCA-1,1
TGAGATTAGGCCCTAA-1,2
TGAGCAGTCGTGAAGT-1,4
TGAGCCATACAGTCTC-1,3
TGAGCGGAAAGTGTTC-1,4
TGAGCTTTAATGACGC-1,2
TGAGGAGTGCCAGCTT-1,4
TGAGGTGTGTGGCGGA-1,1
TGAGGTTGATCCCAAG-1,1
TGAGTAAATTAGCGTA-1,4
TGAGTGCCTCTTAAAT-1,4
TGAGTGGTCCGTGACG-1,2
TGATACATTTAGCCGT-1,4
TGATCACCACACTGAC-1,1
TGATCAGGGAACTGCT-1,3
TGATCCCAGCATTAGT-1,2
TGATCGGTTTGACCCT-1,1
TGATCTCCGGCGCCAG-1,1
TGATTCGTCTATCACT-1,3
TGATTCTGTCGCCGGT-1,4
TGATTTATTAGCTGTG-1,3
TGATTTCCTCCTGACG-1,4
TGCAAACGTACTAGTT-1,1
TGCAAAGTTCGTCTGT-1,1
TGCAAGAATGACGTAA-1,3
TGCACGAGTCGGCAGC-1,1
TGCAGAACTATATCGT-1,1
TGCAGAGTACCGAGCA-1,3
TGCAGGATCGGCAAAG-1,2
TGCAGTTTCCTCCCAT-1,5
TGCATATGTCTGTCAC-1,2
TGCATGGATCGGATCT-1,2
TGCATGTGACCCATAG-1,4
TGCATGTGGTAATCTA-1,2
TGCCAATGGGTACTCT-1,4
TGCCACCTGGCGAAAC-1,2
TGCCAGTACGTGGAGA-1,4
TGCCATTACTAAAGAA-1,2
TGCCCGTACCGTTAAA-1,5
TGCCGGATGTACGAGC-1,6
TGCCGTGGATCGTCCT-1,4
TGCCGTGGGACCCAAT-1,1
TGCCTGACATCGGTCA-1,1
TGCCTGATCAAACGAT-1,2
TGCCTTGGCCAGGCAA-1,5
TGCGACACCCTAGTGC-1,4
TGCGACGGCCGAACGT-1,4
TGCGAGAATATTACCC-1,4
TGCGCAAAGCATTTGG-1,1
TGCGCGATTAACGGAG-1,4
TGCGGAGTAAAGGTGC-1,2
TGCGGCATAGTTCAAC-1,1
TGCGGGTATTGGGATC-1,1
TGCGGTGAAATTTCAT-1,1
TGCGTAAGAACCTGAT-1,4
TGCGTCATGACTGAGC-1,1
TGCGTTTGTTGACACT-1,5
TGCTAAGTGTCTATTT-1,5
TGCTATACAAACGGAC-1,1
TGCTATGGCAAAGGGA-1,1
TGCTCCACAGTTCTTA-1,5
TGCTCGGCGAAACCCA-1,4
TGCTCGGTGGGTCACC-1,1
TGCTCTTGAGAGTTTG-1,4
TGCTGGTTGGACAATT-1,4
TGCTGTTGAAGAACTC-1,3
TGCTTAGAGAGAATGC-1,6
TGCTTCCCAAGCAGTA-1,4
TGGAACCACTGACACA-1,2
TGGAAGAAGGGAACGT-1,3
TGGAAGACGAACACCA-1,1
TGGAAGGATAAAGATG-1,2
TGGAATTAGACGCTTT-1,4
TGGACGCAATCCAGCC-1,1
TGGACTGTTCGCTCAA-1,3
TGGAGAATAATCGTCC-1,4
TGGAGCTAAAGTTCCC-1,4
TGGAGTGATGCGATGA-1,3
TGGATGGCATCTTGGA-1,1
TGGCAAACTAAATTAC-1,4
TGGCAACTCGCGCGCC-1,2
TGGCAGATTACGATCA-1,3
TGGCAGCAGTAATAGT-1,3
TGGCCAAACTGAAGTA-1,2
TGGCCGTATATTGACC-1,4
TGGCGACTGCTCCAAA-1,4
TGGCGATCAAGTTATG-1,4
TGGCGGTGTGCGATTG-1,1
TGGCTTTGGGTAGACA-1,1
TGGGAAATGCCTTTCC-1,4
TGGGATGCACTCATTC-1,6
TGGGCACAAACAGAAC-1,1
TGGGCACGTTCTATGG-1,2
TGGGCCACAAGAGCGC-1,2
TGGGCCCATACTAATT-1,5
TGGGCGATACAATAAG-1,4
TGGGTAAGGTTCCCGC-1,2
TGGGTGTTAAGTAGAA-1,1
TGGGTTTCGGGCGTAC-1,4
TGGTAGAATATATGGG-1,5
TGGTATCGCATCCCAA-1,4
TGGTATCGGTCTGTAT-1,1
TGGTCCCACGCTACGG-1,4
TGGTCGATATACCTCT-1,1
TGGTCTGTTGGGCGTA-1,3
TGGTGCCCTGCCTTAC-1,1
TGGTTCAACGGGTAAT-1,5
TGGTTCGTAGCAAAGG-1,1
TGGTTGGAGGATCCTG-1,6
TGTAACTTGTCAACCT-1,1
TGTACGAACAAATCCG-1,3
TGTACTGTGCCAAAGT-1,4
TGTAGGAGAAATTTCC-1,2
TGTAGTGATCTATAAT-1,3
TGTATAACAGATCCTG-1,2
TGTATCCTTATTCCAT-1,1
TGTATGGCGCAGACAG-1,5
TGTCCCGACATAGCAC-1,4
TGTCCGCAAACAATTC-1,1
TGTCCTAAGTCACCGC-1,3
TGTCGGCATGGTGGAA-1,4
TGTCTACAGTTTCTGT-1,1
TGTGACTACGCCAGTC-1,2
TGTGAGACTAGCCCAA-1,4
TGTGCCGGTGCCGGAA-1,5
TGTGGAGGAAGCTTAA-1,1
TGTGGCAAAGCGTATG-1,2
TGTGGCGGGCTTCTGG-1,1
TGTGTCGCGAGTTGCA-1,4
TGTGTTCGTATCCAAG-1,3
TGTTATTGTATGTGGC-1,5
TGTTCCGCTTCCATGA-1,3
TGTTCCGGCCTGAGCT-1,1
TGTTCGTATTGCGGTG-1,4
TGTTCTTCCATTGACT-1,3
TGTTGTCAAGAAGTCT-1,2
TGTTTAATACTTCATC-1,4
TGTTTCGGTACTTCTC-1,1
TTAAACAGAGTCCCGC-1,1
TTAAACCGGTAGCGAC-1,1
TTAAACTCGAATTCAT-1,2
TTAAAGGCGATGCTCG-1,1
TTAACACCTCGAACAT-1,4
TTAACCAACCCTCCCT-1,1
TTAACGTCGCAAGACC-1,1
TTAACTTCAGGTAGGA-1,1
TTAAGACGAACGAACC-1,6
TTAAGATAGGATTGAC-1,4
TTAAGCCGACAACTTC-1,2
TTAAGCGCCTGACCCA-1,3
TTAAGGATACGGAGGT-1,4
TTAAGGCCCGTACTTT-1,4
TTAATCAGTACGTCAG-1,2
TTAATGCGAGGTAACT-1,4
TTAATGTAGACCAGGT-1,1
TTAATTGCTTTGGGTG-1,4
TTAATTTCAGACGCGG-1,4
TTACAACTACGCATCC-1,1
TTACAGACCTAAATGA-1,2
TTACATCGTGGCCTGG-1,4
TTACATGCCACAACTA-1,6
TTACCATTGATTACCC-1,3
TTACCCATTGCCGGGT-1,2
TTACCCTAACAGTCCT-1,4
TTACCCTAGGGATTGG-1,4
TTACCGCCTTAGGGAA-1,1
TTACGGATGGTTCGAG-1,2
TTACGGTGTCACCGAG-1,4
TTACTAAAGGACTTTA-1,5
TTACTCCGGCCGGGAA-1,2
TTACTCTGGTACGTAC-1,3
TTACTGGGATATTTCA-1,4
TTACTGTTTCTCTACG-1,1
TTAGAAGAACATGACT-1,4
TTAGAATAAGGGTCGG-1,4
TTAGACACGATCGTTG-1,2
TTAGACGAGTCACCTC-1,4
TTAGAGTTTAGAAGGA-1,5
TTAGATAGGTCGATAC-1,1
TTAGCAACATGGATGT-1,4
TTAGCTAATACGATCT-1,2
TTAGCTGATTTGCCGT-1,6
TTAGGTCATAACCGAC-1,4
TTAGTAGGGCGGCGGG-1,3
TTAGTTATTCGTGGCA-1,5
TTATAGATGCACATTA-1,1
TTATAGGTAATTGTCT-1,4
TTATATACGCTGTCAC-1,5
TTATATTTGGCAATCC-1,3
TTATCCAATCGAACTC-1,1
TTATCCGGGATCTATA-1,5
TTATCTGTATCATAAC-1,1
TTATGAATGAAAGGGA-1,3
TTATGACAAACTGGAT-1,4
TTATGATCTTAACGAA-1,5
TTATGCGTCCCGGTCC-1,1
TTATGTTTGCGATAGA-1,4
TTATTAGAGCGTGTTC-1,4
TTATTAGGGAAGCATC-1,1
TTCAAAGTCTCTAGCC-1,3
TTCAACGACCCGACCG-1,1
TTCAAGCCGAGCTGAG-1,2
TTCAATACTCTGAATC-1,6
TTCAATTAGCCATAAT-1,3
TTCACGAAAGGATCAC-1,4
TTCACGGTCGTCACGT-1,1
TTCACTCGAGCACCTA-1,4
TTCACTTCCTAGAACG-1,4
TTCAGCCCTGGTCCAC-1,5
TTCAGTTCAAGAGGAG-1,1
TTCATGGCGCAACAGG-1,2
TTCCAATCAGAGCTAG-1,2
TTCCAATCTGGCTATC-1,3
TTCCACACAGATTTGA-1,4
TTCCACATTTCTCGTC-1,1
TTCCAGTGGGTTTCGT-1,1
TTCCATCATGCGGTGA-1,6
TTCCGCGTGAGGCGAT-1,4
TTCCGGCCTTGAGGCT-1,4
TTCCGGTTACCCACTT-1,5
TTCCTCGAGGGTGTCT-1,1
TTCCTCGGACTAACCA-1,5
TTCCTTTCTGTGTTGC-1,1
TTCGAACGAAACATGC-1,1
TTCGACAGAGCCCGTG-1,4
TTCGACGGGAAGGGCG-1,4
TTCGCACTCGCGTGCT-1,1
TTCGCACTGTACGACA-1,4
TTCGCGCGCCATACGA-1,4
TTCGGCAACCCGCTGA-1,2
TTCGGCTAGAGATGGT-1,4
TTCGGGACTAATCGCG-1,3
TTCGGGCGCTAGTCTT-1,4
TTCGGTACTGTAGAGG-1,1
TTCGTAATCCCAGCGG-1,2
TTCGTACTCCAGAACG-1,4
TTCTAACCGAAGCTTA-1,2
TTCTACCTTTATGTTG-1,4
TTCTACTTGCGAGGGC-1,1
TTCTAGAAAGTCTTAT-1,4
TTCTAGGCCAATTGTG-1,1
TTCTATTAAACGCAGC-1,4
TTCTGACCGGGCTCAA-1,5
TTCTGCCGCGCCTAGA-1,4
TTCTGCGGGTTAGCGG-1,5
TTCTGCTAGACTCCAA-1,2
TTCTTAGTGAACGGTG-1,1
TTCTTAGTGGCTCAGA-1,2
TTCTTATCCGCTGGGT-1,5
TTCTTCCCTTTGATAT-1,1
TTCTTCGCAATAGAGC-1,1
TTCTTGAGCCGCGCTA-1,3
TTCTTGCTAGCATCTC-1,6
TTCTTGGACGATCTGC-1,4
TTCTTGGAGTAATGAG-1,2
TTCTTGTAACCTAATG-1,4
TTGAACGAATCCTTTG-1,1
TTGAAGAATTCCCAGG-1,3
TTGAATATGGACTTTC-1,2
TTGAATTCACGTGAGG-1,6
TTGACAGGAGCTCCCG-1,5
TTGACATGAACGTGGA-1,3
TTGACCATGTTCTCCG-1,2
TTGACCGTGTTAATGA-1,4
TTGACGATTCAGCACG-1,1
TTGACGCTCCATGAGC-1,4
TTGACTACCATATGGT-1,4
TTGAGAAGTTTAGCAT-1,5
TTGAGAGTACTGCTAA-1,4
TTGAGGCATTTAACTC-1,1
TTGATCTAACTTTGTC-1,3
TTGATGCCGCTCGTCG-1,4
TTGATGTGTAGTCCCG-1,2
TTGATTAGCTGTTTCT-1,1
TTGATTATGCAGATGA-1,4
TTGCAAGAAGACTCCT-1,1
TTGCACAATTCAGAAA-1,3
TTGCACGGAGCAGCAC-1,1
TTGCATGCTGATCACG-1,3
TTGCCATAGCCCGCTC-1,4
TTGCCCTGATCACGGG-1,3
TTGCCGCAGACCTACA-1,6
TTGCCGCTTTCTAGTA-1,1
TTGCCGGTGATCCCTC-1,6
TTGCGGAAAGCTGCCC-1,1
TTGCGGCATCAGAAAG-1,4
TTGCGGCGACTCATGC-1,4
TTGCGTAGTTTGAGGA-1,4
TTGCGTCGGCCAACCG-1,4
TTGCGTGAACGCTTAG-1,2
TTGCTCCCATACCGGA-1,2
TTGCTGAAGGAACCAC-1,1
TTGCTGATCATGTTCG-1,3
TTGCTGCACCTATCCA-1,1
TTGCTGGCCGGGCTTC-1,4
TTGGAAGAATACAGTC-1,4
TTGGACATGTGGCTTA-1,3
TTGGACCTATAACAGT-1,5
TTGGAGTCTCCCTTCT-1,1
TTGGATATCGTCTACG-1,4
TTGGATCGACTTCTGG-1,4
TTGGATTGGGTACCAC-1,1
TTGGCCATCTTGCGCT-1,1
TTGGCCTAGAATTTCG-1,2
TTGGCTCGCATGAGAC-1,4
TTGGGAAGACGAGCCG-1,4
TTGGGACACTGCCCGC-1,1
TTGGGCGGCGGTTGCC-1,2
TTGGTCACACTCGTAA-1,4
TTGGTTGCGGTGCGCG-1,4
TTGTAAGGACCTAAGT-1,1
TTGTAAGGCCAGTTGG-1,2
TTGTAATCCGTACTCG-1,3
TTGTATCACACAGAAT-1,2
TTGTCGTTCAGTTACC-1,4
TTGTCTCGGCAAGATG-1,1
TTGTGCAGCCACGTCA-1,4
TTGTGGCCCTGACAGT-1,1
TTGTGGTAGGAGGGAT-1,4
TTGTGTATGCCACCAA-1,4
TTGTGTTTCCCGAAAG-1,3
TTGTTAGCAAATTCGA-1,1
TTGTTCAGTGTGCTAC-1,2
TTGTTGTGTGTCAAGA-1,2
TTGTTTCACATCCAGG-1,4
TTGTTTCATTAGTCTA-1,4
TTGTTTCCATACAACT-1,3
TTGTTTGTATTACACG-1,1
TTGTTTGTGTAAATTC-1,1
